-- phpMyAdmin SQL Dump
-- version 5.0.3
-- https://www.phpmyadmin.net/
--
-- Host: 127.0.0.1
-- Generation Time: Apr 07, 2021 at 06:02 PM
-- Server version: 10.4.14-MariaDB
-- PHP Version: 7.2.34

SET SQL_MODE = "NO_AUTO_VALUE_ON_ZERO";
START TRANSACTION;
SET time_zone = "+00:00";


/*!40101 SET @OLD_CHARACTER_SET_CLIENT=@@CHARACTER_SET_CLIENT */;
/*!40101 SET @OLD_CHARACTER_SET_RESULTS=@@CHARACTER_SET_RESULTS */;
/*!40101 SET @OLD_COLLATION_CONNECTION=@@COLLATION_CONNECTION */;
/*!40101 SET NAMES utf8mb4 */;

--
-- Database: `webdb`
--

-- --------------------------------------------------------

--
-- Table structure for table `entries`
--

CREATE TABLE `entries` (
  `startedDateTime` varchar(300) NOT NULL,
  `serverIPAddress` varchar(300) NOT NULL,
  `timingsWait` varchar(300) NOT NULL,
  `identries` int(11) NOT NULL,
  `idharfiles` int(11) DEFAULT NULL,
  `requestMethod` varchar(300) NOT NULL,
  `requestUrl` varchar(300) NOT NULL,
  `responseStatus` varchar(300) NOT NULL,
  `responseStatusText` varchar(300) NOT NULL
) ENGINE=InnoDB DEFAULT CHARSET=utf8mb4;

--
-- Dumping data for table `entries`
--

INSERT INTO `entries` (`startedDateTime`, `serverIPAddress`, `timingsWait`, `identries`, `idharfiles`, `requestMethod`, `requestUrl`, `responseStatus`, `responseStatusText`) VALUES
('2021-03-12T19:58:06.441Z', '104.17.116.40', '412.23500000129', 1, 1, 'GET', 'e-food.gr', '200', ''),
('2021-03-12T19:58:07.204Z', '104.17.116.40', '107.46399999886', 2, 1, 'GET', 'e-food.gr', '200', ''),
('2021-03-12T19:58:07.206Z', '192.0.73.2', '81.982999998739', 3, 1, 'GET', 'gravatar.com', '302', ''),
('2021-03-12T19:58:07.207Z', '104.17.116.40', '163.32399999789', 4, 1, 'GET', 'e-food.gr', '200', ''),
('2021-03-12T19:58:07.207Z', '104.17.116.40', '139.33600000032', 5, 1, 'GET', 'e-food.gr', '200', ''),
('2021-03-12T19:58:07.208Z', '104.17.116.40', '156.13499999982', 6, 1, 'GET', 'e-food.gr', '200', ''),
('2021-03-12T19:58:07.324Z', '104.17.116.40', '125.38299999731', 7, 1, 'GET', 'e-food.gr', '200', ''),
('2021-03-12T19:58:07.324Z', '104.17.116.40', '131.56599999939', 8, 1, 'GET', 'e-food.gr', '200', ''),
('2021-03-12T19:58:07.341Z', '104.16.168.35', '137.59799999731', 9, 1, 'GET', 'ajax.cloudflare.com', '200', ''),
('2021-03-12T19:58:07.514Z', '104.17.116.40', '234.72600000183', 10, 1, 'GET', 'e-food.gr', '200', ''),
('2021-03-12T19:58:07.515Z', '104.17.116.40', '105.50600000218', 11, 1, 'GET', 'e-food.gr', '200', ''),
('2021-03-12T19:58:07.529Z', '104.17.116.40', '116.72600000072', 12, 1, 'GET', 'e-food.gr', '200', ''),
('2021-03-12T19:58:07.529Z', '104.17.116.40', '171.73600000247', 13, 1, 'GET', 'e-food.gr', '200', ''),
('2021-03-12T19:58:07.574Z', '104.17.116.40', '175.44900000305', 14, 1, 'GET', 'e-food.gr', '200', ''),
('2021-03-12T19:58:07.627Z', '104.17.116.40', '170.55500000245', 15, 1, 'GET', 'e-food.gr', '200', ''),
('2021-03-12T19:58:07.627Z', '104.17.116.40', '232.76600000084', 16, 1, 'GET', 'e-food.gr', '200', ''),
('2021-03-12T19:58:07.628Z', '104.17.116.40', '168.26200000138', 17, 1, 'GET', 'e-food.gr', '200', ''),
('2021-03-12T19:58:07.668Z', '192.0.77.2', '127.46899999841', 18, 1, 'GET', 'i0.wp.com', '200', ''),
('2021-03-12T19:58:07.732Z', '104.17.116.40', '128.06200000086', 19, 1, 'GET', 'assets.e-food.gr', '200', ''),
('2021-03-12T19:58:07.733Z', '104.17.116.40', '240.5339999994', 20, 1, 'GET', 'staticassets.e-food.gr', '200', ''),
('2021-03-12T19:58:07.734Z', '104.17.116.40', '240.32800000229', 21, 1, 'GET', 'staticassets.e-food.gr', '200', ''),
('2021-03-12T19:58:07.735Z', '104.17.116.40', '103.24300000216', 22, 1, 'GET', 'assets.e-food.gr', '200', ''),
('2021-03-12T19:58:07.736Z', '104.16.126.175', '149.60500000111', 23, 1, 'GET', 'unpkg.com', '200', ''),
('2021-03-12T19:58:07.738Z', '104.16.126.175', '139.11000000076', 24, 1, 'GET', 'unpkg.com', '200', ''),
('2021-03-12T19:58:07.739Z', '104.18.22.52', '126.81499999706', 25, 1, 'GET', 'kit.fontawesome.com', '200', ''),
('2021-03-12T19:58:07.740Z', '172.217.169.138', '59.20999999887', 26, 1, 'GET', 'maps.googleapis.com', '200', ''),
('2021-03-12T19:58:07.742Z', '104.18.14.86', '118.68000000087', 27, 1, 'GET', 'smartbanner.deliveryhero.net', '200', ''),
('2021-03-12T19:58:07.744Z', '104.16.18.94', '121.84999999848', 28, 1, 'GET', 'cdnjs.cloudflare.com', '200', ''),
('2021-03-12T19:58:07.745Z', '104.17.116.40', '224.60399999879', 29, 1, 'GET', 'assets.e-food.gr', '200', ''),
('2021-03-12T19:58:08.226Z', '104.17.116.40', '115.1889999975', 30, 1, 'GET', 'e-food.gr', '200', ''),
('2021-03-12T19:58:08.445Z', '216.58.206.200', '83.397999998028', 31, 1, 'GET', 'googletagmanager.com', '200', ''),
('2021-03-12T19:58:08.451Z', '216.58.212.3', '43.835999999746', 32, 1, 'GET', 'gstatic.com', '200', ''),
('2021-03-12T19:58:08.457Z', '172.67.7.226', '122.77600000144', 33, 1, 'GET', 'js.appboycdn.com', '200', ''),
('2021-03-12T19:58:08.504Z', '104.18.23.52', '165.15599999847', 34, 1, 'GET', 'ka-p.fontawesome.com', '200', ''),
('2021-03-12T19:58:08.507Z', '104.18.23.52', '309.50499999886', 35, 1, 'GET', 'ka-p.fontawesome.com', '200', ''),
('2021-03-12T19:58:08.509Z', '104.18.23.52', '309.17400000281', 36, 1, 'GET', 'ka-p.fontawesome.com', '200', ''),
('2021-03-12T19:58:08.695Z', '104.17.116.40', '184.08199999718', 37, 1, 'GET', 'api.e-food.gr', '200', ''),
('2021-03-12T19:58:08.698Z', '104.17.116.40', '156.34900000027', 38, 1, 'OPTIONS', 'api.e-food.gr', '204', ''),
('2021-03-12T19:58:08.702Z', '151.101.114.110', '121.8010000033', 39, 1, 'GET', 'js-agent.newrelic.com', '200', ''),
('2021-03-12T19:58:08.710Z', '104.17.116.40', '172.08399999738', 40, 1, 'POST', 'api.e-food.gr', '200', ''),
('2021-03-12T19:58:08.713Z', '104.17.116.40', '227.30099999701', 41, 1, 'OPTIONS', 'api.e-food.gr', '204', ''),
('2021-03-12T19:58:08.759Z', '104.17.116.40', '135.67400000078', 42, 1, 'POST', 'api.e-food.gr', '200', ''),
('2021-03-12T19:58:08.763Z', '104.17.116.40', '223.03700000061', 43, 1, 'OPTIONS', 'api.e-food.gr', '204', ''),
('2021-03-12T19:58:08.832Z', '172.217.169.98', '0.41700000227476', 44, 1, 'GET', 'googleadservices.com', '200', ''),
('2021-03-12T19:58:08.842Z', '216.58.206.206', '0.39600000073342', 45, 1, 'GET', 'google-analytics.com', '200', ''),
('2021-03-12T19:58:08.850Z', '34.248.165.94', '123.13500000301', 46, 1, 'GET', 'collector-654.tvsquared.com', '200', 'OK'),
('2021-03-12T19:58:08.865Z', '216.58.206.198', '106.98100000358', 47, 1, 'GET', 'ad.doubleclick.net', '302', ''),
('2021-03-12T19:58:08.876Z', '', '0', 48, 1, 'GET', 'connect.facebook.net', '0', ''),
('2021-03-12T19:58:08.923Z', '172.217.169.98', '118.37700000263', 49, 1, 'GET', 'googleads.g.doubleclick.net', '200', ''),
('2021-03-12T19:58:08.928Z', '104.17.116.40', '180.16799999885', 50, 1, 'POST', 'api.e-food.gr', '200', ''),
('2021-03-12T19:58:08.930Z', '104.17.116.40', '118.18400000296', 51, 1, 'OPTIONS', 'api.e-food.gr', '204', ''),
('2021-03-12T19:58:08.938Z', '172.217.17.238', '1.2730000001639', 52, 1, 'GET', 'google-analytics.com', '200', ''),
('2021-03-12T19:58:08.953Z', '172.217.17.238', '86.094999998034', 53, 1, 'POST', 'ampcid.google.com', '200', ''),
('2021-03-12T19:58:09.139Z', '104.18.23.52', '117.51099999795', 54, 1, 'GET', 'ka-p.fontawesome.com', '200', ''),
('2021-03-12T19:58:09.139Z', '104.18.23.52', '99.266999999765', 55, 1, 'GET', 'ka-p.fontawesome.com', '200', ''),
('2021-03-12T19:58:09.139Z', '104.18.23.52', '101.11499999944', 56, 1, 'GET', 'ka-p.fontawesome.com', '200', ''),
('2021-03-12T19:58:09.140Z', '104.18.23.52', '154.6629999975', 57, 1, 'GET', 'ka-p.fontawesome.com', '200', ''),
('2021-03-12T19:58:09.140Z', '104.18.23.52', '171.58800000319', 58, 1, 'GET', 'ka-p.fontawesome.com', '200', ''),
('2021-03-12T19:58:09.195Z', '104.17.116.40', '116.91000000001', 59, 1, 'GET', 'static.e-food.gr', '200', ''),
('2021-03-12T19:58:09.202Z', '172.217.169.110', '80.775000002247', 60, 1, 'POST', 'ampcid.google.gr', '200', ''),
('2021-03-12T19:58:09.215Z', '104.18.23.52', '107.04299999981', 61, 1, 'GET', 'ka-p.fontawesome.com', '200', ''),
('2021-03-12T19:58:09.272Z', '104.17.116.40', '1785.8799999978', 62, 1, 'GET', 'e-food.gr', '200', ''),
('2021-03-12T19:58:09.276Z', '104.17.116.40', '122.4109999998', 63, 1, 'GET', 'e-food.gr', '200', ''),
('2021-03-12T19:58:09.289Z', '216.58.206.164', '115.52200000352', 64, 1, 'GET', 'google.com', '200', ''),
('2021-03-12T19:58:09.291Z', '172.217.17.227', '126.57700000362', 65, 1, 'GET', 'google.gr', '200', ''),
('2021-03-12T19:58:09.340Z', '216.58.206.198', '153.63799999913', 66, 1, 'GET', 'ad.doubleclick.net', '200', ''),
('2021-03-12T19:58:09.349Z', '162.247.243.147', '227.56600000154', 67, 1, 'GET', 'bam-cell.nr-data.net', '200', 'OK'),
('2021-03-12T19:58:09.407Z', '216.58.212.46', '81.983999997375', 68, 1, 'POST', 'google-analytics.com', '200', ''),
('2021-03-12T19:58:09.420Z', '108.177.126.156', '95.634999997695', 69, 1, 'POST', 'stats.g.doubleclick.net', '200', ''),
('2021-03-12T19:58:09.436Z', '216.58.212.46', '54.082000003234', 70, 1, 'GET', 'google-analytics.com', '200', ''),
('2021-03-12T19:58:09.437Z', '216.58.212.46', '45.130999999443', 71, 1, 'GET', 'google-analytics.com', '200', ''),
('2021-03-12T19:58:09.519Z', '199.232.57.208', '536.20699999949', 72, 1, 'POST', 'sdk.iad-01.braze.com', '201', ''),
('2021-03-12T19:58:09.522Z', '199.232.57.208', '173.88900000099', 73, 1, 'OPTIONS', 'sdk.iad-01.braze.com', '200', ''),
('2021-03-12T19:58:09.529Z', '199.232.57.208', '165.29400000002', 74, 1, 'POST', 'sdk.iad-01.braze.com', '201', ''),
('2021-03-12T19:58:09.531Z', '199.232.57.208', '172.92999999704', 75, 1, 'OPTIONS', 'sdk.iad-01.braze.com', '200', ''),
('2021-03-12T19:58:09.613Z', '34.248.165.94', '108.01800000281', 76, 1, 'GET', 'collector-654.tvsquared.com', '200', 'OK'),
('2021-03-12T19:58:09.627Z', '108.177.126.156', '74.526000001173', 77, 1, 'POST', 'stats.g.doubleclick.net', '200', ''),
('2021-03-12T19:58:09.635Z', '216.58.206.164', '107.98999999699', 78, 1, 'GET', 'google.com', '200', ''),
('2021-03-12T19:58:09.636Z', '172.217.17.227', '110.12300000242', 79, 1, 'GET', 'google.gr', '200', ''),
('2021-03-12T19:58:09.683Z', '172.217.169.202', '153.29200000312', 80, 1, 'POST', 'firebaseremoteconfig.googleapis.com', '200', ''),
('2021-03-12T19:58:09.685Z', '172.217.169.202', '76.337000003301', 81, 1, 'OPTIONS', 'firebaseremoteconfig.googleapis.com', '200', ''),
('2021-03-12T19:58:09.709Z', '216.58.206.164', '99.493999999476', 82, 1, 'GET', 'google.com', '200', ''),
('2021-03-12T19:58:09.710Z', '172.217.17.227', '113.73300000292', 83, 1, 'GET', 'google.gr', '200', ''),
('2021-03-12T19:58:09.843Z', '104.17.116.40', '157.86500000227', 84, 1, 'GET', 'e-food.gr', '200', ''),
('2021-03-12T19:58:11.107Z', '104.17.116.40', '103.38599999824', 85, 1, 'GET', 'cdn.e-food.gr', '200', ''),
('2021-03-12T19:58:11.107Z', '104.17.116.40', '105.99200000136', 86, 1, 'GET', 'cdn.e-food.gr', '200', ''),
('2021-03-12T19:58:11.108Z', '104.17.116.40', '116.46899999874', 87, 1, 'GET', 'cdn.e-food.gr', '200', ''),
('2021-03-12T19:58:11.109Z', '104.17.116.40', '124.93300000345', 88, 1, 'GET', 'cdn.e-food.gr', '200', ''),
('2021-03-12T19:58:11.111Z', '104.17.116.40', '121.56700000107', 89, 1, 'GET', 'cdn.e-food.gr', '200', ''),
('2021-03-12T19:58:11.112Z', '104.17.116.40', '132.74700000234', 90, 1, 'GET', 'cdn.e-food.gr', '200', ''),
('2021-03-12T19:58:11.114Z', '104.17.116.40', '98.806000000737', 91, 1, 'GET', 'cdn.e-food.gr', '200', ''),
('2021-03-12T19:58:11.114Z', '104.17.116.40', '108.81199999967', 92, 1, 'GET', 'cdn.e-food.gr', '200', ''),
('2021-03-12T19:58:11.115Z', '104.17.116.40', '110.92600000102', 93, 1, 'GET', 'cdn.e-food.gr', '200', ''),
('2021-03-12T19:58:11.116Z', '104.17.116.40', '101.22899999824', 94, 1, 'GET', 'cdn.e-food.gr', '200', ''),
('2021-03-12T19:58:11.118Z', '216.58.212.46', '48.702999998884', 95, 1, 'GET', 'google-analytics.com', '200', ''),
('2021-03-12T19:58:13.503Z', '172.217.169.138', '40.510999999231', 96, 1, 'GET', 'maps.googleapis.com', '200', ''),
('2021-03-12T19:58:13.508Z', '172.217.169.138', '68.308000002014', 97, 1, 'GET', 'maps.googleapis.com', '200', ''),
('2021-03-12T19:58:13.652Z', '172.217.169.138', '77.97500000029', 98, 1, 'GET', 'maps.googleapis.com', '200', ''),
('2021-03-12T19:58:14.284Z', '172.217.169.202', '2644.1379999979', 99, 1, 'POST', 'firebaselogging-pa.googleapis.com', '200', ''),
('2021-03-12T19:58:19.353Z', '162.247.243.147', '305.54600000046', 100, 1, 'POST', 'bam-cell.nr-data.net', '200', 'OK'),
('2021-03-12T19:58:20.473Z', '199.232.57.208', '169.04999999822', 101, 1, 'POST', 'sdk.iad-01.braze.com', '201', ''),
('2021-03-12T19:58:20.715Z', '104.16.103.139', '111.69599999831', 102, 1, 'GET', 'v2.zopim.com', '302', ''),
('2021-03-12T19:58:21.044Z', '104.18.70.113', '113.89599999859', 103, 1, 'GET', 'static.zdassets.com', '200', ''),
('2021-03-06T15:10:26.404Z', '185.6.76.42', '31.756000002909', 104, 2, 'GET', 'skroutz.gr', '301', 'Moved Permanently'),
('2021-03-06T15:10:26.516Z', '185.6.76.42', '32.238999993891', 105, 2, 'GET', 'skroutz.gr', '301', ''),
('2021-03-06T15:10:26.625Z', '185.6.76.42', '124.67599999732', 106, 2, 'GET', 'skroutz.gr', '200', ''),
('2021-03-06T15:10:26.883Z', '185.6.76.30', '128.52099999905', 107, 2, 'GET', 'a.scdn.gr', '200', ''),
('2021-03-06T15:10:26.885Z', '185.6.76.30', '125.87899999434', 108, 2, 'GET', 'd.scdn.gr', '200', ''),
('2021-03-06T15:10:26.886Z', '185.6.76.30', '206.43000000405', 109, 2, 'GET', 'd.scdn.gr', '200', ''),
('2021-03-06T15:10:26.887Z', '185.6.76.30', '142.28899999581', 110, 2, 'GET', 'b.scdn.gr', '200', ''),
('2021-03-06T15:10:26.889Z', '185.6.76.30', '135.22800000091', 111, 2, 'GET', 'a.scdn.gr', '200', ''),
('2021-03-06T15:10:26.890Z', '185.6.76.42', '68.641000006361', 112, 2, 'GET', 'skroutz.gr', '200', ''),
('2021-03-06T15:10:26.901Z', '185.6.76.42', '263.45700000212', 113, 2, 'GET', 'skroutz.gr', '200', ''),
('2021-03-06T15:10:26.903Z', '185.6.76.42', '299.56800000506', 114, 2, 'GET', 'skroutz.gr', '200', ''),
('2021-03-06T15:10:26.904Z', '185.6.76.42', '469.4110000043', 115, 2, 'GET', 'skroutz.gr', '200', ''),
('2021-03-06T15:10:26.904Z', '185.6.76.42', '48.580999993146', 116, 2, 'GET', 'skroutz.gr', '200', ''),
('2021-03-06T15:10:26.905Z', '185.6.76.30', '58.98399999446', 117, 2, 'GET', 'd.scdn.gr', '200', ''),
('2021-03-06T15:10:26.905Z', '185.6.76.42', '54.170000002475', 118, 2, 'GET', 'skroutz.gr', '200', ''),
('2021-03-06T15:10:27.532Z', '216.58.206.206', '21.795000003112', 119, 2, 'GET', 'google-analytics.com', '200', ''),
('2021-03-06T15:10:27.532Z', '54.240.169.41', '33.585999995207', 120, 2, 'GET', 'static.hotjar.com', '200', ''),
('2021-03-06T15:10:27.718Z', '185.6.76.30', '35.013999994429', 121, 2, 'GET', 'a.scdn.gr', '200', ''),
('2021-03-06T15:10:27.719Z', '185.6.76.30', '52.719999995836', 122, 2, 'GET', 'a.scdn.gr', '200', ''),
('2021-03-06T15:10:27.721Z', '185.6.76.30', '76.483000002021', 123, 2, 'GET', 'c.scdn.gr', '200', ''),
('2021-03-06T15:10:27.722Z', '185.6.76.30', '52.732999999976', 124, 2, 'GET', 'd.scdn.gr', '200', ''),
('2021-03-06T15:10:27.725Z', '185.6.76.30', '147.15000000416', 125, 2, 'GET', 'b.scdn.gr', '200', ''),
('2021-03-06T15:10:27.726Z', '185.6.76.30', '205.919999993', 126, 2, 'GET', 'c.scdn.gr', '200', ''),
('2021-03-06T15:10:27.728Z', '185.6.76.30', '307.77499999517', 127, 2, 'GET', 'a.scdn.gr', '200', ''),
('2021-03-06T15:10:27.730Z', '185.6.76.30', '354.16800000162', 128, 2, 'GET', 'c.scdn.gr', '200', ''),
('2021-03-06T15:10:27.735Z', '185.6.76.42', '40.465999996959', 129, 2, 'GET', 'skroutz.gr', '200', ''),
('2021-03-06T15:10:27.738Z', '185.6.76.30', '395.80599999783', 130, 2, 'GET', 'a.scdn.gr', '200', ''),
('2021-03-06T15:10:27.747Z', '185.6.76.30', '396.24100000499', 131, 2, 'GET', 'b.scdn.gr', '200', ''),
('2021-03-06T15:10:27.749Z', '185.6.76.30', '405.14900000064', 132, 2, 'GET', 'c.scdn.gr', '200', ''),
('2021-03-06T15:10:27.753Z', '185.6.76.30', '421.4299999975', 133, 2, 'GET', 'd.scdn.gr', '200', ''),
('2021-03-06T15:10:27.755Z', '185.6.76.30', '424.87799999485', 134, 2, 'GET', 'c.scdn.gr', '200', ''),
('2021-03-06T15:10:27.758Z', '185.6.76.30', '436.39300000114', 135, 2, 'GET', 'b.scdn.gr', '200', ''),
('2021-03-06T15:10:27.761Z', '185.6.76.30', '436.58299999649', 136, 2, 'GET', 'c.scdn.gr', '200', ''),
('2021-03-06T15:10:27.765Z', '185.6.76.30', '453.14699999822', 137, 2, 'GET', 'a.scdn.gr', '200', ''),
('2021-03-06T15:10:27.769Z', '185.6.76.30', '569.43700000694', 138, 2, 'GET', 'c.scdn.gr', '200', ''),
('2021-03-06T15:10:27.829Z', '185.6.76.30', '505.65300000115', 139, 2, 'GET', 'c.scdn.gr', '200', ''),
('2021-03-06T15:10:27.830Z', '185.6.76.30', '392.42700000084', 140, 2, 'GET', 'a.scdn.gr', '200', ''),
('2021-03-06T15:10:27.832Z', '185.6.76.30', '450.0899999967', 141, 2, 'GET', 'a.scdn.gr', '200', ''),
('2021-03-06T15:10:27.832Z', '185.6.76.30', '468.84099999676', 142, 2, 'GET', 'b.scdn.gr', '200', ''),
('2021-03-06T15:10:27.834Z', '185.6.76.42', '67.752000005103', 143, 2, 'GET', 'skroutz.gr', '200', ''),
('2021-03-06T15:10:27.863Z', '185.6.76.30', '532.62799999955', 144, 2, 'GET', 'a.scdn.gr', '200', ''),
('2021-03-06T15:10:27.961Z', '185.6.76.30', '475.67099999462', 145, 2, 'GET', 'c.scdn.gr', '200', ''),
('2021-03-06T15:10:27.962Z', '185.6.76.30', '393.05999999533', 146, 2, 'GET', 'c.scdn.gr', '200', ''),
('2021-03-06T15:10:27.964Z', '185.6.76.42', '66.545000006205', 147, 2, 'GET', 'skroutz.gr', '200', ''),
('2021-03-06T15:10:27.966Z', '185.6.76.30', '583.17799999694', 148, 2, 'GET', 'b.scdn.gr', '200', ''),
('2021-03-06T15:10:27.969Z', '185.6.76.30', '579.67299999929', 149, 2, 'GET', 'a.scdn.gr', '200', ''),
('2021-03-06T15:10:27.970Z', '185.6.76.30', '579.73700000384', 150, 2, 'GET', 'd.scdn.gr', '200', ''),
('2021-03-06T15:10:27.971Z', '185.6.76.30', '372.06700000068', 151, 2, 'GET', 'c.scdn.gr', '200', ''),
('2021-03-06T15:10:28.166Z', '185.6.76.42', '70.238000006074', 152, 2, 'GET', 'skroutz.gr', '200', ''),
('2021-03-06T15:10:28.170Z', '185.6.76.42', '64.532999992844', 153, 2, 'GET', 'skroutz.gr', '200', ''),
('2021-03-06T15:10:28.173Z', '185.6.76.42', '84.108000000942', 154, 2, 'GET', 'skroutz.gr', '200', ''),
('2021-03-06T15:10:28.175Z', '185.6.76.42', '65.083999992847', 155, 2, 'GET', 'skroutz.gr', '200', ''),
('2021-03-06T15:10:28.258Z', '54.240.169.121', '1.2390000064243', 156, 2, 'GET', 'script.hotjar.com', '200', ''),
('2021-03-06T15:10:28.331Z', '172.217.17.238', '98.55099999937', 157, 2, 'POST', 'google-analytics.com', '200', ''),
('2021-03-06T15:10:28.384Z', '54.240.169.64', '0.92000000722706', 158, 2, 'GET', 'vars.hotjar.com', '200', ''),
('2021-03-06T15:10:28.398Z', '185.6.76.42', '88.134999994643', 159, 2, 'GET', 'skroutz.gr', '200', ''),
('2021-03-06T15:10:28.400Z', '185.6.76.42', '88.163000001216', 160, 2, 'GET', 'skroutz.gr', '200', ''),
('2021-03-06T15:10:28.546Z', '185.6.76.42', '74.248999993006', 161, 2, 'GET', 'skroutz.gr', '200', ''),
('2021-03-06T15:10:28.576Z', '185.6.76.42', '117.52600000203', 162, 2, 'GET', 'skroutz.gr', '200', ''),
('2021-03-06T15:10:28.642Z', '108.177.126.155', '97.346999994114', 163, 2, 'POST', 'stats.g.doubleclick.net', '200', ''),
('2021-03-06T15:10:29.023Z', '172.217.17.228', '99.291000006915', 164, 2, 'GET', 'google.com', '200', ''),
('2021-03-06T15:10:29.024Z', '216.58.206.195', '101.95099999885', 165, 2, 'GET', 'google.gr', '200', ''),
('2021-03-06T15:10:29.142Z', '172.217.17.238', '45.277000005168', 166, 2, 'GET', 'google-analytics.com', '200', ''),
('2021-03-17T14:31:16.722Z', '150.140.141.173', '695.51299999639', 167, 3, 'GET', 'ceid.upatras.gr', '200', 'OK'),
('2021-03-17T14:31:17.480Z', '150.140.141.173', '0.067000000854023', 168, 3, 'GET', 'ceid.upatras.gr', '200', 'OK'),
('2021-03-17T14:31:17.480Z', '150.140.141.173', '0.06299999949988', 169, 3, 'GET', 'ceid.upatras.gr', '200', 'OK'),
('2021-03-17T14:31:17.481Z', '150.140.141.173', '0.055000004067551', 170, 3, 'GET', 'ceid.upatras.gr', '200', 'OK'),
('2021-03-17T14:31:17.481Z', '104.18.11.207', '0.074000003223773', 171, 3, 'GET', 'maxcdn.bootstrapcdn.com', '200', ''),
('2021-03-17T14:31:17.481Z', '104.18.11.207', '0.28200000087963', 172, 3, 'GET', 'maxcdn.bootstrapcdn.com', '200', ''),
('2021-03-17T14:31:17.482Z', '150.140.141.173', '0.040999999328051', 173, 3, 'GET', 'ceid.upatras.gr', '200', 'OK'),
('2021-03-17T14:31:17.482Z', '150.140.141.173', '0.048999994760379', 174, 3, 'GET', 'ceid.upatras.gr', '200', 'OK'),
('2021-03-17T14:31:17.482Z', '150.140.141.173', '0.041999999666587', 175, 3, 'GET', 'ceid.upatras.gr', '200', 'OK'),
('2021-03-17T14:31:17.482Z', '150.140.141.173', '0.047000001359265', 176, 3, 'GET', 'ceid.upatras.gr', '200', 'OK'),
('2021-03-17T14:31:17.482Z', '150.140.141.173', '0.052999996114522', 177, 3, 'GET', 'ceid.upatras.gr', '200', 'OK'),
('2021-03-17T14:31:17.482Z', '150.140.141.173', '0.039999998989515', 178, 3, 'GET', 'ceid.upatras.gr', '200', 'OK'),
('2021-03-17T14:31:17.482Z', '150.140.141.173', '0.048000001697801', 179, 3, 'GET', 'ceid.upatras.gr', '200', 'OK'),
('2021-03-17T14:31:17.483Z', '150.140.141.173', '0.048999994760379', 180, 3, 'GET', 'ceid.upatras.gr', '200', 'OK'),
('2021-03-17T14:31:17.483Z', '150.140.141.173', '0.049000002036337', 181, 3, 'GET', 'ceid.upatras.gr', '200', 'OK'),
('2021-03-17T14:31:17.483Z', '150.140.141.173', '0.041999999666587', 182, 3, 'GET', 'ceid.upatras.gr', '200', 'OK'),
('2021-03-17T14:31:17.483Z', '104.18.11.207', '0.046999994083308', 183, 3, 'GET', 'maxcdn.bootstrapcdn.com', '200', ''),
('2021-03-17T14:31:17.483Z', '150.140.141.173', '0.068999994255137', 184, 3, 'GET', 'ceid.upatras.gr', '200', 'OK'),
('2021-03-17T14:31:17.483Z', '172.217.17.234', '0.036999997973908', 185, 3, 'GET', 'maps.googleapis.com', '200', ''),
('2021-03-17T14:31:17.483Z', '150.140.141.173', '0.037999998312443', 186, 3, 'GET', 'ceid.upatras.gr', '200', 'OK'),
('2021-03-17T14:31:17.484Z', '150.140.141.173', '0.035000004572794', 187, 3, 'GET', 'ceid.upatras.gr', '200', 'OK'),
('2021-03-17T14:31:17.484Z', '150.140.141.173', '0.035000004572794', 188, 3, 'GET', 'ceid.upatras.gr', '200', 'OK'),
('2021-03-17T14:31:17.484Z', '150.140.141.173', '0.032999996619765', 189, 3, 'GET', 'ceid.upatras.gr', '200', 'OK'),
('2021-03-17T14:31:17.484Z', '150.140.141.173', '0.052000003051944', 190, 3, 'GET', 'ceid.upatras.gr', '200', 'OK'),
('2021-03-17T14:31:17.484Z', '150.140.141.173', '0.075999996624887', 191, 3, 'GET', 'ceid.upatras.gr', '200', 'OK'),
('2021-03-17T14:31:17.484Z', '150.140.141.173', '0.050000002374873', 192, 3, 'GET', 'ceid.upatras.gr', '200', 'OK'),
('2021-03-17T14:31:17.485Z', '150.140.141.173', '0.074999996286351', 193, 3, 'GET', 'ceid.upatras.gr', '200', 'OK'),
('2021-03-17T14:31:17.485Z', '150.140.141.173', '0.058999998145737', 194, 3, 'GET', 'ceid.upatras.gr', '200', 'OK'),
('2021-03-17T14:31:17.485Z', '150.140.141.173', '0.078999997640494', 195, 3, 'GET', 'ceid.upatras.gr', '200', 'OK'),
('2021-03-17T14:31:17.485Z', '150.140.141.173', '2.3379999984172', 196, 3, 'GET', 'ceid.upatras.gr', '200', 'OK'),
('2021-03-17T14:31:17.488Z', '150.140.141.173', '0.061000006098766', 197, 3, 'GET', 'ceid.upatras.gr', '200', 'OK'),
('2021-03-17T14:31:17.488Z', '150.140.141.173', '0.15899999561952', 198, 3, 'GET', 'ceid.upatras.gr', '200', 'OK'),
('2021-03-17T14:31:17.488Z', '150.140.141.173', '0.056000004406087', 199, 3, 'GET', 'ceid.upatras.gr', '200', 'OK'),
('2021-03-17T14:31:17.505Z', '150.140.141.173', '0.10299999848939', 200, 3, 'GET', 'ceid.upatras.gr', '200', 'OK'),
('2021-03-17T14:31:17.506Z', '142.250.184.138', '0.063999999838416', 201, 3, 'GET', 'fonts.googleapis.com', '200', ''),
('2021-03-17T14:31:17.507Z', '142.250.184.138', '0.14699999883305', 202, 3, 'GET', 'fonts.googleapis.com', '200', ''),
('2021-03-17T14:31:17.507Z', '142.250.184.138', '0.14399999781745', 203, 3, 'GET', 'fonts.googleapis.com', '200', ''),
('2021-03-17T14:31:17.580Z', '150.140.141.173', '0.13200000103097', 204, 3, 'GET', 'ceid.upatras.gr', '200', 'OK'),
('2021-03-17T14:31:17.581Z', '104.18.11.207', '0.075999996624887', 205, 3, 'GET', 'maxcdn.bootstrapcdn.com', '200', ''),
('2021-03-17T14:31:17.581Z', '172.217.169.163', '1.1359999989509', 206, 3, 'GET', 'fonts.gstatic.com', '200', ''),
('2021-03-17T14:31:17.583Z', '172.217.169.163', '0.29699999868171', 207, 3, 'GET', 'fonts.gstatic.com', '200', ''),
('2021-03-17T14:31:17.583Z', '172.217.169.163', '0.065000000176951', 208, 3, 'GET', 'fonts.gstatic.com', '200', ''),
('2021-03-17T14:31:17.588Z', '150.140.141.173', '0.083999999333173', 209, 3, 'GET', 'ceid.upatras.gr', '200', 'OK'),
('2021-03-17T14:31:17.641Z', '150.140.141.173', '0.077999997301959', 210, 3, 'GET', 'ceid.upatras.gr', '200', 'OK'),
('2021-03-17T14:31:17.788Z', '150.140.141.173', '2.8990000020768', 211, 3, 'GET', 'ceid.upatras.gr', '200', 'OK'),
('2021-03-17T14:31:17.869Z', '150.140.141.173', '0.068000001192559', 212, 3, 'GET', 'ceid.upatras.gr', '200', 'OK'),
('2021-03-17T14:31:17.871Z', '150.140.141.173', '0.058999998145737', 213, 3, 'GET', 'ceid.upatras.gr', '200', 'OK'),
('2021-03-17T14:31:18.054Z', '150.140.141.173', '64.835999998014', 214, 3, 'GET', 'ceid.upatras.gr', '204', 'No Response'),
('2021-03-17T14:31:18.147Z', '150.140.141.173', '28.41300000019', 215, 3, 'GET', 'ceid.upatras.gr', '200', 'OK'),
('2021-03-17T14:31:22.576Z', '172.217.17.234', '1.8670000033234', 216, 3, 'GET', 'maps.googleapis.com', '200', ''),
('2021-03-17T14:31:22.577Z', '172.217.17.234', '1.0610000025081', 217, 3, 'GET', 'maps.googleapis.com', '200', ''),
('2021-03-17T14:31:22.626Z', '172.217.17.234', '87.764000002083', 218, 3, 'GET', 'maps.googleapis.com', '200', '');

-- --------------------------------------------------------

--
-- Table structure for table `harfiles`
--

CREATE TABLE `harfiles` (
  `idharfiles` int(15) NOT NULL,
  `harname` varchar(300) NOT NULL,
  `city` varchar(300) NOT NULL,
  `date` date NOT NULL,
  `ipaddress` varchar(300) NOT NULL,
  `provider` varchar(300) NOT NULL,
  `iduserinfo` int(15) NOT NULL,
  `latitude` varchar(50) NOT NULL,
  `longitude` varchar(50) NOT NULL
) ENGINE=InnoDB DEFAULT CHARSET=utf8mb4;

--
-- Dumping data for table `harfiles`
--

INSERT INTO `harfiles` (`idharfiles`, `harname`, `city`, `date`, `ipaddress`, `provider`, `iduserinfo`, `latitude`, `longitude`) VALUES
(1, 'e-food.gr', 'Argostoli', '2021-04-07', '188.4.2.162', 'Forthnet', 4, '38.1731', '20.4819'),
(2, 'skroutz.gr', 'Argostoli', '2021-04-07', '188.4.2.162', 'Forthnet', 2, '38.1731', '20.4819'),
(3, 'ceid.upatras.gr', 'Athens', '2021-04-07', '91.140.90.241', 'Wind Hellas Telecommunications SA', 5, '37.9842', '23.7353');

-- --------------------------------------------------------

--
-- Table structure for table `hrequest`
--

CREATE TABLE `hrequest` (
  `idhrequest` int(11) NOT NULL,
  `contentType` varchar(300) DEFAULT NULL,
  `cacheControl` varchar(300) DEFAULT NULL,
  `pragma` varchar(300) DEFAULT NULL,
  `expires` varchar(300) DEFAULT NULL,
  `age` varchar(300) DEFAULT NULL,
  `lastModified` varchar(300) DEFAULT NULL,
  `host` varchar(300) DEFAULT NULL,
  `identries` int(11) DEFAULT NULL
) ENGINE=InnoDB DEFAULT CHARSET=utf8mb4;

--
-- Dumping data for table `hrequest`
--

INSERT INTO `hrequest` (`idhrequest`, `contentType`, `cacheControl`, `pragma`, `expires`, `age`, `lastModified`, `host`, `identries`) VALUES
(1, 'application/json;charset=UTF-8', 'max-age=31556926', '', 'Wed, 09 Mar 2022 08:03:05 GMT', '4919427', 'Wed, 13 Jan 2021 18:32:19 GMT', '', 37),
(2, 'application/json', 'public, max-age=7200, stale-if-error=604800', '', 'Wed, 09 Mar 2022 08:03:05 GMT', '4919427', 'Fri, 29 Jan 2021 19:19:08 GMT', '', 40),
(3, 'application/json', 'public, max-age=7200, stale-if-error=604800', '', 'Wed, 09 Mar 2022 08:03:05 GMT', '4919427', 'Fri, 29 Jan 2021 19:19:08 GMT', '', 42),
(4, 'application/javascript', 'max-age=600', '', 'Fri, 12 Mar 2021 20:08:09 GMT', '5794', 'Fri, 12 Mar 2021 11:09:16 GMT', 'collector-654.tvsquared.com', 46),
(5, 'application/json', 'no-cache, must-revalidate', 'no-cache', 'Fri, 01 Jan 1990 00:00:00 GMT', '5794', 'Fri, 12 Mar 2021 11:09:16 GMT', 'collector-654.tvsquared.com', 50),
(6, 'text/plain', 'private', 'no-cache', 'Fri, 12 Mar 2021 20:22:22 GMT', '2073', 'Tue, 22 Oct 2019 18:15:00 GMT', 'collector-654.tvsquared.com', 53),
(7, 'text/plain', 'private', 'no-cache', 'Sat, 12 Mar 2022 19:58:09 GMT', '289551', 'Tue, 02 Mar 2021 09:39:50 GMT', 'collector-654.tvsquared.com', 60),
(8, 'text/javascript;charset=ISO-8859-1', 'no-cache, must-revalidate', 'no-cache', 'Fri, 01 Jan 1990 00:00:00 GMT', '40933', 'Thu, 11 Mar 2021 15:01:37 GMT', 'bam-cell.nr-data.net', 67),
(9, 'text/plain', 'no-cache, no-store, must-revalidate', 'no-cache', 'Fri, 01 Jan 1990 00:00:00 GMT', '40933', 'Sun, 17 May 1998 03:00:00 GMT', 'bam-cell.nr-data.net', 68),
(10, 'text/plain', 'no-cache, no-store, must-revalidate', 'no-cache', 'Fri, 01 Jan 1990 00:00:00 GMT', '40933', 'Sun, 17 May 1998 03:00:00 GMT', 'bam-cell.nr-data.net', 69),
(11, 'application/json', 'max-age=0, private, must-revalidate', 'no-cache', 'Mon, 01 Jan 1990 00:00:00 GMT', '35242', 'Sun, 17 May 1998 03:00:00 GMT', 'bam-cell.nr-data.net', 72),
(12, 'application/json', 'max-age=0, private, must-revalidate', 'no-cache', 'Mon, 01 Jan 1990 00:00:00 GMT', '35242', 'Sun, 17 May 1998 03:00:00 GMT', 'bam-cell.nr-data.net', 74),
(13, 'image/gif', 'max-age=0, private, must-revalidate', 'no-cache', 'Mon, 01 Jan 1990 00:00:00 GMT', '35242', 'Sun, 17 May 1998 03:00:00 GMT', 'collector-654.tvsquared.com', 76),
(14, 'text/plain', 'no-cache, no-store, must-revalidate', 'no-cache', 'Fri, 01 Jan 1990 00:00:00 GMT', '35242', 'Sun, 17 May 1998 03:00:00 GMT', 'collector-654.tvsquared.com', 77),
(15, 'text/plain;charset=UTF-8', 'private', 'no-cache', 'Fri, 01 Jan 1990 00:00:00 GMT', '35242', 'Sun, 17 May 1998 03:00:00 GMT', 'collector-654.tvsquared.com', 80),
(16, 'text/plain;charset=UTF-8', 'private', 'no-cache', 'Fri, 01 Jan 1990 00:00:00 GMT', '78660', 'Mon, 08 Mar 2021 20:22:44 GMT', 'collector-654.tvsquared.com', 99),
(17, 'image/gif', 'private', 'no-cache', 'Fri, 01 Jan 1990 00:00:00 GMT', '78660', 'Mon, 08 Mar 2021 20:22:44 GMT', 'bam-cell.nr-data.net', 100),
(18, 'text/plain', 'private', 'no-cache', 'Fri, 01 Jan 1990 00:00:00 GMT', '78660', 'Mon, 08 Mar 2021 20:22:44 GMT', 'bam-cell.nr-data.net', 100),
(19, 'application/json', 'max-age=0, private, must-revalidate', 'no-cache', 'Fri, 01 Jan 1990 00:00:00 GMT', '78660', 'Mon, 08 Mar 2021 20:22:44 GMT', 'bam-cell.nr-data.net', 101),
(20, '', '', '', '', '', '', 'skroutz.gr', 104),
(21, 'text/plain', 'no-cache, no-store, must-revalidate', 'no-cache', 'Fri, 01 Jan 1990 00:00:00 GMT', '68551', 'Sun, 17 May 1998 03:00:00 GMT', 'skroutz.gr', 157),
(22, 'text/plain', 'no-cache, no-store, must-revalidate', 'no-cache', 'Fri, 01 Jan 1990 00:00:00 GMT', '0', 'Sun, 17 May 1998 03:00:00 GMT', 'skroutz.gr', 163),
(23, 'text/html; charset=utf-8', 'no-cache, must-revalidate', '', 'Sun, 19 Nov 1978 05:00:00 GMT', '', '', 'www.ceid.upatras.gr', 167),
(24, 'text/html; charset=utf-8', 'max-age=0', '', 'Sun, 19 Nov 1978 05:00:00 GMT', '', '', 'www.ceid.upatras.gr', 167),
(25, 'text/html; charset=UTF-8', 'max-age=1209600', '', 'Wed, 31 Mar 2021 14:31:38 GMT', '572855', 'Fri, 09 Feb 2018 23:38:22 GMT', 'www.ceid.upatras.gr', 214),
(26, 'image/vnd.microsoft.icon', 'max-age=1209600', '', 'Wed, 31 Mar 2021 14:31:50 GMT', '572855', 'Fri, 09 Feb 2018 23:38:25 GMT', 'www.ceid.upatras.gr', 215),
(27, 'image/vnd.microsoft.icon', 'max-age=1209600', 'no-cache', 'Wed, 31 Mar 2021 14:31:50 GMT', '572855', 'Fri, 09 Feb 2018 23:38:25 GMT', 'www.ceid.upatras.gr', 215),
(28, 'image/vnd.microsoft.icon', 'no-cache', 'no-cache', 'Wed, 31 Mar 2021 14:31:50 GMT', '572855', 'Fri, 09 Feb 2018 23:38:25 GMT', 'www.ceid.upatras.gr', 215);

-- --------------------------------------------------------

--
-- Table structure for table `hresponse`
--

CREATE TABLE `hresponse` (
  `idhresponse` int(11) NOT NULL,
  `contentType` varchar(300) DEFAULT NULL,
  `cacheControl` varchar(300) DEFAULT NULL,
  `pragma` varchar(300) DEFAULT NULL,
  `expires` varchar(300) DEFAULT NULL,
  `age` varchar(300) DEFAULT NULL,
  `lastModified` varchar(300) DEFAULT NULL,
  `host` varchar(300) DEFAULT NULL,
  `identries` int(11) DEFAULT NULL
) ENGINE=InnoDB DEFAULT CHARSET=utf8mb4;

--
-- Dumping data for table `hresponse`
--

INSERT INTO `hresponse` (`idhresponse`, `contentType`, `cacheControl`, `pragma`, `expires`, `age`, `lastModified`, `host`, `identries`) VALUES
(1, 'text/html; charset=UTF-8', '', '', '', '', '', '', 1),
(2, 'text/css', '', '', '', '', '', '', 2),
(3, 'text/css', '', '', '', '', 'Fri, 12 Mar 2021 09:17:11 GMT', '', 2),
(4, 'text/css', '', '', '', '2229', 'Fri, 12 Mar 2021 09:17:11 GMT', '', 2),
(5, 'text/css', '', '', 'Sat, 20 Mar 2021 19:58:07 GMT', '2229', 'Fri, 12 Mar 2021 09:17:11 GMT', '', 2),
(6, 'text/css', 'public, max-age=691200', '', 'Sat, 20 Mar 2021 19:58:07 GMT', '2229', 'Fri, 12 Mar 2021 09:17:11 GMT', '', 2),
(7, 'text/html; charset=utf-8', 'public, max-age=691200', '', 'Sat, 20 Mar 2021 19:58:07 GMT', '2229', 'Fri, 12 Mar 2021 09:17:11 GMT', '', 3),
(8, 'text/html; charset=utf-8', 'public, max-age=691200', '', 'Sat, 20 Mar 2021 19:58:07 GMT', '2229', 'Wed, 11 Jan 1984 08:00:00 GMT', '', 3),
(9, 'text/html; charset=utf-8', 'public, max-age=691200', '', 'Fri, 12 Mar 2021 20:03:07 GMT', '2229', 'Wed, 11 Jan 1984 08:00:00 GMT', '', 3),
(10, 'text/html; charset=utf-8', 'max-age=300', '', 'Fri, 12 Mar 2021 20:03:07 GMT', '2229', 'Wed, 11 Jan 1984 08:00:00 GMT', '', 3),
(11, 'image/webp', 'max-age=300', '', 'Fri, 12 Mar 2021 20:03:07 GMT', '2229', 'Wed, 11 Jan 1984 08:00:00 GMT', '', 4),
(12, 'image/webp', 'public, max-age=691200', '', 'Fri, 12 Mar 2021 20:03:07 GMT', '2229', 'Wed, 11 Jan 1984 08:00:00 GMT', '', 4),
(13, 'image/webp', 'public, max-age=691200', '', 'Sat, 20 Mar 2021 19:58:07 GMT', '2229', 'Wed, 11 Jan 1984 08:00:00 GMT', '', 4),
(14, 'image/webp', 'public, max-age=691200', '', 'Sat, 20 Mar 2021 19:58:07 GMT', '2229', 'Thu, 11 Mar 2021 15:01:37 GMT', '', 4),
(15, 'image/webp', 'public, max-age=691200', '', 'Sat, 20 Mar 2021 19:58:07 GMT', '2229', 'Thu, 11 Mar 2021 15:01:37 GMT', '', 5),
(16, 'image/webp', 'public, max-age=691200', '', 'Sat, 20 Mar 2021 19:58:07 GMT', '2229', 'Thu, 11 Mar 2021 15:01:37 GMT', '', 5),
(17, 'image/webp', 'public, max-age=691200', '', 'Sat, 20 Mar 2021 19:58:07 GMT', '2229', 'Thu, 11 Mar 2021 15:01:37 GMT', '', 5),
(18, 'image/webp', 'public, max-age=691200', '', 'Sat, 20 Mar 2021 19:58:07 GMT', '2229', 'Thu, 11 Mar 2021 15:01:37 GMT', '', 5),
(19, 'image/webp', 'public, max-age=691200', '', 'Sat, 20 Mar 2021 19:58:07 GMT', '2229', 'Thu, 11 Mar 2021 15:01:37 GMT', '', 6),
(20, 'image/webp', 'public, max-age=691200', '', 'Sat, 20 Mar 2021 19:58:07 GMT', '2229', 'Thu, 11 Mar 2021 15:01:37 GMT', '', 6),
(21, 'image/webp', 'public, max-age=691200', '', 'Sat, 20 Mar 2021 19:58:07 GMT', '2229', 'Thu, 11 Mar 2021 15:01:37 GMT', '', 6),
(22, 'image/webp', 'public, max-age=691200', '', 'Sat, 20 Mar 2021 19:58:07 GMT', '2229', 'Thu, 11 Mar 2021 15:01:37 GMT', '', 6),
(23, 'image/webp', 'public, max-age=691200', '', 'Sat, 20 Mar 2021 19:58:07 GMT', '2229', 'Thu, 11 Mar 2021 15:01:37 GMT', '', 7),
(24, 'image/webp', 'public, max-age=691200', '', 'Sat, 20 Mar 2021 19:58:07 GMT', '2229', 'Thu, 11 Mar 2021 15:01:37 GMT', '', 7),
(25, 'image/webp', 'public, max-age=691200', '', 'Sat, 20 Mar 2021 19:58:07 GMT', '2229', 'Thu, 11 Mar 2021 15:01:37 GMT', '', 7),
(26, 'image/webp', 'public, max-age=691200', '', 'Sat, 20 Mar 2021 19:58:07 GMT', '2229', 'Thu, 11 Mar 2021 15:01:37 GMT', '', 7),
(27, 'image/webp', 'public, max-age=691200', '', 'Sat, 20 Mar 2021 19:58:07 GMT', '2229', 'Thu, 11 Mar 2021 15:01:37 GMT', '', 8),
(28, 'image/webp', 'public, max-age=691200', '', 'Sat, 20 Mar 2021 19:58:07 GMT', '2229', 'Thu, 11 Mar 2021 15:01:37 GMT', '', 8),
(29, 'image/webp', 'public, max-age=691200', '', 'Sat, 20 Mar 2021 19:58:07 GMT', '2229', 'Thu, 11 Mar 2021 15:01:37 GMT', '', 8),
(30, 'image/webp', 'public, max-age=691200', '', 'Sat, 20 Mar 2021 19:58:07 GMT', '2229', 'Thu, 11 Mar 2021 15:01:37 GMT', '', 8),
(31, 'application/javascript', 'public, max-age=691200', '', 'Sat, 20 Mar 2021 19:58:07 GMT', '2229', 'Thu, 11 Mar 2021 15:01:37 GMT', '', 9),
(32, 'application/javascript', 'public, max-age=691200', '', 'Sat, 20 Mar 2021 19:58:07 GMT', '2229', 'Thu, 11 Mar 2021 14:31:24 GMT', '', 9),
(33, 'application/javascript', 'public, max-age=691200', '', 'Sun, 14 Mar 2021 19:58:07 GMT', '2229', 'Thu, 11 Mar 2021 14:31:24 GMT', '', 9),
(34, 'application/javascript', 'max-age=172800', '', 'Sun, 14 Mar 2021 19:58:07 GMT', '2229', 'Thu, 11 Mar 2021 14:31:24 GMT', '', 9),
(35, 'application/javascript', 'public', '', 'Sun, 14 Mar 2021 19:58:07 GMT', '2229', 'Thu, 11 Mar 2021 14:31:24 GMT', '', 9),
(36, 'image/webp', 'public', '', 'Sun, 14 Mar 2021 19:58:07 GMT', '2229', 'Thu, 11 Mar 2021 14:31:24 GMT', '', 10),
(37, 'image/webp', 'public, max-age=691200', '', 'Sun, 14 Mar 2021 19:58:07 GMT', '2229', 'Thu, 11 Mar 2021 14:31:24 GMT', '', 10),
(38, 'image/webp', 'public, max-age=691200', '', 'Sat, 20 Mar 2021 19:58:07 GMT', '2229', 'Thu, 11 Mar 2021 14:31:24 GMT', '', 10),
(39, 'image/webp', 'public, max-age=691200', '', 'Sat, 20 Mar 2021 19:58:07 GMT', '2229', 'Thu, 11 Mar 2021 15:01:37 GMT', '', 10),
(40, 'image/png', 'public, max-age=691200', '', 'Sat, 20 Mar 2021 19:58:07 GMT', '2229', 'Thu, 11 Mar 2021 15:01:37 GMT', '', 11),
(41, 'image/png', 'public, max-age=691200', '', 'Sat, 20 Mar 2021 19:58:07 GMT', '2229', 'Thu, 11 Mar 2021 15:01:37 GMT', '', 11),
(42, 'image/png', 'public, max-age=691200', '', 'Sat, 20 Mar 2021 19:58:07 GMT', '2229', 'Thu, 11 Mar 2021 15:01:37 GMT', '', 11),
(43, 'image/png', 'public, max-age=691200', '', 'Sat, 20 Mar 2021 19:58:07 GMT', '2229', 'Fri, 05 Mar 2021 10:19:55 GMT', '', 11),
(44, 'image/png', 'public, max-age=691200', '', 'Sat, 20 Mar 2021 19:58:07 GMT', '494467', 'Fri, 05 Mar 2021 10:19:55 GMT', '', 11),
(45, 'application/octet-stream', 'public, max-age=691200', '', 'Sat, 20 Mar 2021 19:58:07 GMT', '494467', 'Fri, 05 Mar 2021 10:19:55 GMT', '', 12),
(46, 'application/octet-stream', 'public, max-age=691200', '', 'Sat, 20 Mar 2021 19:58:07 GMT', '494467', 'Fri, 05 Mar 2021 10:19:55 GMT', '', 12),
(47, 'application/octet-stream', 'public, max-age=691200', '', 'Sat, 20 Mar 2021 19:58:07 GMT', '494467', 'Fri, 05 Mar 2021 10:19:55 GMT', '', 12),
(48, 'application/octet-stream', 'public, max-age=691200', '', 'Sat, 20 Mar 2021 19:58:07 GMT', '494467', 'Fri, 05 Mar 2021 10:19:55 GMT', '', 12),
(49, 'application/octet-stream', 'public, max-age=691200', '', 'Sat, 20 Mar 2021 19:58:07 GMT', '396073', 'Fri, 05 Mar 2021 10:19:55 GMT', '', 12),
(50, 'application/octet-stream', 'public, max-age=691200', '', 'Sat, 20 Mar 2021 19:58:07 GMT', '396073', 'Fri, 05 Mar 2021 10:19:55 GMT', '', 13),
(51, 'application/octet-stream', 'public, max-age=691200', '', 'Sat, 20 Mar 2021 19:58:07 GMT', '396073', 'Mon, 08 Mar 2021 20:55:35 GMT', '', 13),
(52, 'application/octet-stream', 'public, max-age=691200', '', 'Sat, 20 Mar 2021 19:58:07 GMT', '396073', 'Mon, 08 Mar 2021 20:55:35 GMT', '', 13),
(53, 'application/octet-stream', 'public, max-age=691200', '', 'Sat, 20 Mar 2021 19:58:07 GMT', '396073', 'Mon, 08 Mar 2021 20:55:35 GMT', '', 13),
(54, 'application/octet-stream', 'public, max-age=691200', '', 'Sat, 20 Mar 2021 19:58:07 GMT', '304563', 'Mon, 08 Mar 2021 20:55:35 GMT', '', 13),
(55, 'application/octet-stream', 'public, max-age=691200', '', 'Sat, 20 Mar 2021 19:58:07 GMT', '304563', 'Mon, 08 Mar 2021 20:55:35 GMT', '', 14),
(56, 'application/octet-stream', 'public, max-age=691200', '', 'Sat, 20 Mar 2021 19:58:07 GMT', '304563', 'Mon, 08 Mar 2021 20:55:35 GMT', '', 14),
(57, 'application/octet-stream', 'public, max-age=691200', '', 'Sat, 20 Mar 2021 19:58:07 GMT', '304563', 'Mon, 08 Mar 2021 20:55:35 GMT', '', 14),
(58, 'application/octet-stream', 'public, max-age=691200', '', 'Sat, 20 Mar 2021 19:58:07 GMT', '304563', 'Mon, 08 Mar 2021 20:55:35 GMT', '', 14),
(59, 'application/octet-stream', 'public, max-age=691200', '', 'Sat, 20 Mar 2021 19:58:07 GMT', '244193', 'Mon, 08 Mar 2021 20:55:35 GMT', '', 14),
(60, 'image/webp', 'public, max-age=691200', '', 'Sat, 20 Mar 2021 19:58:07 GMT', '244193', 'Mon, 08 Mar 2021 20:55:35 GMT', '', 15),
(61, 'image/webp', 'public, max-age=691200', '', 'Sat, 20 Mar 2021 19:58:07 GMT', '244193', 'Mon, 08 Mar 2021 20:55:35 GMT', '', 15),
(62, 'image/webp', 'public, max-age=691200', '', 'Sat, 20 Mar 2021 19:58:07 GMT', '244193', 'Mon, 08 Mar 2021 20:55:35 GMT', '', 15),
(63, 'image/webp', 'public, max-age=691200', '', 'Sat, 20 Mar 2021 19:58:07 GMT', '244193', 'Thu, 11 Mar 2021 15:01:37 GMT', '', 15),
(64, 'image/webp', 'public, max-age=691200', '', 'Sat, 20 Mar 2021 19:58:07 GMT', '244193', 'Thu, 11 Mar 2021 15:01:37 GMT', '', 16),
(65, 'image/webp', 'public, max-age=691200', '', 'Sat, 20 Mar 2021 19:58:07 GMT', '244193', 'Thu, 11 Mar 2021 15:01:37 GMT', '', 16),
(66, 'image/webp', 'public, max-age=691200', '', 'Sat, 20 Mar 2021 19:58:07 GMT', '244193', 'Thu, 11 Mar 2021 15:01:37 GMT', '', 16),
(67, 'image/webp', 'public, max-age=691200', '', 'Sat, 20 Mar 2021 19:58:07 GMT', '244193', 'Thu, 11 Mar 2021 15:01:37 GMT', '', 16),
(68, 'image/webp', 'public, max-age=691200', '', 'Sat, 20 Mar 2021 19:58:07 GMT', '244193', 'Thu, 11 Mar 2021 15:01:37 GMT', '', 17),
(69, 'image/webp', 'public, max-age=691200', '', 'Sat, 20 Mar 2021 19:58:07 GMT', '244193', 'Thu, 11 Mar 2021 15:01:37 GMT', '', 17),
(70, 'image/webp', 'public, max-age=691200', '', 'Sat, 20 Mar 2021 19:58:07 GMT', '244193', 'Thu, 11 Mar 2021 15:01:37 GMT', '', 17),
(71, 'image/webp', 'public, max-age=691200', '', 'Sat, 20 Mar 2021 19:58:07 GMT', '244193', 'Thu, 11 Mar 2021 15:01:37 GMT', '', 17),
(72, 'image/webp', 'public, max-age=691200', '', 'Sat, 20 Mar 2021 19:58:07 GMT', '244193', 'Thu, 11 Mar 2021 15:01:37 GMT', '', 18),
(73, 'image/webp', 'public, max-age=691200', '', 'Sat, 20 Mar 2021 19:58:07 GMT', '244193', 'Thu, 05 Nov 2020 08:08:26 GMT', '', 18),
(74, 'image/webp', 'public, max-age=691200', '', 'Sat, 05 Nov 2022 20:08:26 GMT', '244193', 'Thu, 05 Nov 2020 08:08:26 GMT', '', 18),
(75, 'image/webp', 'public, max-age=63115200', '', 'Sat, 05 Nov 2022 20:08:26 GMT', '244193', 'Thu, 05 Nov 2020 08:08:26 GMT', '', 18),
(76, 'application/javascript', 'public, max-age=63115200', '', 'Sat, 05 Nov 2022 20:08:26 GMT', '244193', 'Thu, 05 Nov 2020 08:08:26 GMT', '', 19),
(77, 'application/javascript', 'public, max-age=63115200', '', 'Sat, 05 Nov 2022 20:08:26 GMT', '244193', 'Fri, 12 Mar 2021 10:44:24 GMT', '', 19),
(78, 'application/javascript', 'public, max-age=63115200', '', 'Sat, 05 Nov 2022 20:08:26 GMT', '4256', 'Fri, 12 Mar 2021 10:44:24 GMT', '', 19),
(79, 'application/javascript', 'public, max-age=63115200', '', 'Sat, 20 Mar 2021 19:58:07 GMT', '4256', 'Fri, 12 Mar 2021 10:44:24 GMT', '', 19),
(80, 'application/javascript', 'public, max-age=691200', '', 'Sat, 20 Mar 2021 19:58:07 GMT', '4256', 'Fri, 12 Mar 2021 10:44:24 GMT', '', 19),
(81, 'application/javascript', 'public, max-age=691200', '', 'Sat, 20 Mar 2021 19:58:07 GMT', '4256', 'Fri, 12 Mar 2021 10:44:24 GMT', '', 20),
(82, 'application/javascript', 'public, max-age=691200', '', 'Sat, 20 Mar 2021 19:58:07 GMT', '4256', 'Wed, 10 Feb 2021 13:29:30 GMT', '', 20),
(83, 'application/javascript', 'public, max-age=691200', '', 'Sat, 20 Mar 2021 19:58:07 GMT', '5701', 'Wed, 10 Feb 2021 13:29:30 GMT', '', 20),
(84, 'application/javascript', 'public, max-age=691200', '', 'Sat, 20 Mar 2021 19:58:07 GMT', '5701', 'Wed, 10 Feb 2021 13:29:30 GMT', '', 20),
(85, 'application/javascript', 'public, max-age=691200', '', 'Sat, 20 Mar 2021 19:58:07 GMT', '5701', 'Wed, 10 Feb 2021 13:29:30 GMT', '', 20),
(86, 'application/javascript', 'public, max-age=691200', '', 'Sat, 20 Mar 2021 19:58:07 GMT', '5701', 'Wed, 10 Feb 2021 13:29:30 GMT', '', 21),
(87, 'application/javascript', 'public, max-age=691200', '', 'Sat, 20 Mar 2021 19:58:07 GMT', '5701', 'Tue, 09 Feb 2021 10:38:51 GMT', '', 21),
(88, 'application/javascript', 'public, max-age=691200', '', 'Sat, 20 Mar 2021 19:58:07 GMT', '6662', 'Tue, 09 Feb 2021 10:38:51 GMT', '', 21),
(89, 'application/javascript', 'public, max-age=691200', '', 'Sat, 20 Mar 2021 19:58:07 GMT', '6662', 'Tue, 09 Feb 2021 10:38:51 GMT', '', 21),
(90, 'application/javascript', 'public, max-age=691200', '', 'Sat, 20 Mar 2021 19:58:07 GMT', '6662', 'Tue, 09 Feb 2021 10:38:51 GMT', '', 21),
(91, 'application/javascript', 'public, max-age=691200', '', 'Sat, 20 Mar 2021 19:58:07 GMT', '6662', 'Tue, 09 Feb 2021 10:38:51 GMT', '', 22),
(92, 'application/javascript', 'public, max-age=691200', '', 'Sat, 20 Mar 2021 19:58:07 GMT', '6662', 'Fri, 18 Sep 2020 07:00:40 GMT', '', 22),
(93, 'application/javascript', 'public, max-age=691200', '', 'Sat, 20 Mar 2021 19:58:07 GMT', '5739', 'Fri, 18 Sep 2020 07:00:40 GMT', '', 22),
(94, 'application/javascript', 'public, max-age=691200', '', 'Sat, 20 Mar 2021 19:58:07 GMT', '5739', 'Fri, 18 Sep 2020 07:00:40 GMT', '', 22),
(95, 'application/javascript', 'public, max-age=691200', '', 'Sat, 20 Mar 2021 19:58:07 GMT', '5739', 'Fri, 18 Sep 2020 07:00:40 GMT', '', 22),
(96, 'application/javascript; charset=utf-8', 'public, max-age=691200', '', 'Sat, 20 Mar 2021 19:58:07 GMT', '5739', 'Fri, 18 Sep 2020 07:00:40 GMT', '', 23),
(97, 'application/javascript; charset=utf-8', 'public, max-age=31536000', '', 'Sat, 20 Mar 2021 19:58:07 GMT', '5739', 'Fri, 18 Sep 2020 07:00:40 GMT', '', 23),
(98, 'application/javascript; charset=utf-8', 'public, max-age=31536000', '', 'Sat, 20 Mar 2021 19:58:07 GMT', '5739', 'Sat, 26 Oct 1985 08:15:00 GMT', '', 23),
(99, 'application/javascript; charset=utf-8', 'public, max-age=31536000', '', 'Sat, 20 Mar 2021 19:58:07 GMT', '10853858', 'Sat, 26 Oct 1985 08:15:00 GMT', '', 23),
(100, 'application/javascript; charset=utf-8', 'public, max-age=31536000', '', 'Sat, 20 Mar 2021 19:58:07 GMT', '10853858', 'Sat, 26 Oct 1985 08:15:00 GMT', '', 24),
(101, 'application/javascript; charset=utf-8', 'public, max-age=31536000', '', 'Sat, 20 Mar 2021 19:58:07 GMT', '10853858', 'Sat, 26 Oct 1985 08:15:00 GMT', '', 24),
(102, 'application/javascript; charset=utf-8', 'public, max-age=31536000', '', 'Sat, 20 Mar 2021 19:58:07 GMT', '10853858', 'Sat, 26 Oct 1985 08:15:00 GMT', '', 24),
(103, 'application/javascript; charset=utf-8', 'public, max-age=31536000', '', 'Sat, 20 Mar 2021 19:58:07 GMT', '10785704', 'Sat, 26 Oct 1985 08:15:00 GMT', '', 24),
(104, 'text/javascript', 'public, max-age=31536000', '', 'Sat, 20 Mar 2021 19:58:07 GMT', '10785704', 'Sat, 26 Oct 1985 08:15:00 GMT', '', 25),
(105, 'text/javascript', 'max-age=60, public, must-revalidate', '', 'Sat, 20 Mar 2021 19:58:07 GMT', '10785704', 'Sat, 26 Oct 1985 08:15:00 GMT', '', 25),
(106, 'text/javascript', 'max-age=60, public, must-revalidate', '', 'Sat, 20 Mar 2021 19:58:07 GMT', '28', 'Sat, 26 Oct 1985 08:15:00 GMT', '', 25),
(107, 'text/javascript; charset=UTF-8', 'max-age=60, public, must-revalidate', '', 'Sat, 20 Mar 2021 19:58:07 GMT', '28', 'Sat, 26 Oct 1985 08:15:00 GMT', '', 26),
(108, 'text/javascript; charset=UTF-8', 'max-age=60, public, must-revalidate', '', 'Fri, 12 Mar 2021 20:24:31 GMT', '28', 'Sat, 26 Oct 1985 08:15:00 GMT', '', 26),
(109, 'text/javascript; charset=UTF-8', 'public, max-age=1800', '', 'Fri, 12 Mar 2021 20:24:31 GMT', '28', 'Sat, 26 Oct 1985 08:15:00 GMT', '', 26),
(110, 'text/javascript; charset=UTF-8', 'public, max-age=1800', '', 'Fri, 12 Mar 2021 20:24:31 GMT', '216', 'Sat, 26 Oct 1985 08:15:00 GMT', '', 26),
(111, 'application/javascript', 'public, max-age=1800', '', 'Fri, 12 Mar 2021 20:24:31 GMT', '216', 'Sat, 26 Oct 1985 08:15:00 GMT', '', 27),
(112, 'application/javascript', 'public, max-age=1800', '', 'Fri, 12 Mar 2021 21:58:08 GMT', '216', 'Sat, 26 Oct 1985 08:15:00 GMT', '', 27),
(113, 'application/javascript', 'public, max-age=7200', '', 'Fri, 12 Mar 2021 21:58:08 GMT', '216', 'Sat, 26 Oct 1985 08:15:00 GMT', '', 27),
(114, 'application/javascript', 'public, max-age=7200', '', 'Fri, 12 Mar 2021 21:58:08 GMT', '235', 'Sat, 26 Oct 1985 08:15:00 GMT', '', 27),
(115, 'application/javascript; charset=utf-8', 'public, max-age=7200', '', 'Fri, 12 Mar 2021 21:58:08 GMT', '235', 'Sat, 26 Oct 1985 08:15:00 GMT', '', 28),
(116, 'application/javascript; charset=utf-8', 'public, max-age=30672000', '', 'Fri, 12 Mar 2021 21:58:08 GMT', '235', 'Sat, 26 Oct 1985 08:15:00 GMT', '', 28),
(117, 'application/javascript; charset=utf-8', 'public, max-age=30672000', '', 'Fri, 12 Mar 2021 21:58:08 GMT', '235', 'Mon, 04 May 2020 16:12:00 GMT', '', 28),
(118, 'application/javascript; charset=utf-8', 'public, max-age=30672000', '', 'Fri, 12 Mar 2021 21:58:08 GMT', '2566627', 'Mon, 04 May 2020 16:12:00 GMT', '', 28),
(119, 'application/javascript; charset=utf-8', 'public, max-age=30672000', '', 'Wed, 02 Mar 2022 19:58:08 GMT', '2566627', 'Mon, 04 May 2020 16:12:00 GMT', '', 28),
(120, 'application/javascript', 'public, max-age=30672000', '', 'Wed, 02 Mar 2022 19:58:08 GMT', '2566627', 'Mon, 04 May 2020 16:12:00 GMT', '', 29),
(121, 'application/javascript', 'public, max-age=30672000', '', 'Wed, 02 Mar 2022 19:58:08 GMT', '2566627', 'Thu, 18 Feb 2021 14:08:50 GMT', '', 29),
(122, 'application/javascript', 'public, max-age=30672000', '', 'Wed, 02 Mar 2022 19:58:08 GMT', '7163', 'Thu, 18 Feb 2021 14:08:50 GMT', '', 29),
(123, 'application/javascript', 'public, max-age=30672000', '', 'Sat, 20 Mar 2021 19:58:07 GMT', '7163', 'Thu, 18 Feb 2021 14:08:50 GMT', '', 29),
(124, 'application/javascript', 'public, max-age=691200', '', 'Sat, 20 Mar 2021 19:58:07 GMT', '7163', 'Thu, 18 Feb 2021 14:08:50 GMT', '', 29),
(125, 'application/json', 'public, max-age=691200', '', 'Sat, 20 Mar 2021 19:58:07 GMT', '7163', 'Thu, 18 Feb 2021 14:08:50 GMT', '', 30),
(126, 'application/javascript; charset=UTF-8', 'public, max-age=691200', '', 'Sat, 20 Mar 2021 19:58:07 GMT', '7163', 'Thu, 18 Feb 2021 14:08:50 GMT', '', 31),
(127, 'application/javascript; charset=UTF-8', 'public, max-age=691200', '', 'Fri, 12 Mar 2021 19:58:08 GMT', '7163', 'Thu, 18 Feb 2021 14:08:50 GMT', '', 31),
(128, 'application/javascript; charset=UTF-8', 'private, max-age=900', '', 'Fri, 12 Mar 2021 19:58:08 GMT', '7163', 'Thu, 18 Feb 2021 14:08:50 GMT', '', 31),
(129, 'application/javascript; charset=UTF-8', 'private, max-age=900', '', 'Fri, 12 Mar 2021 19:58:08 GMT', '7163', 'Fri, 12 Mar 2021 18:00:00 GMT', '', 31),
(130, 'text/javascript; charset=UTF-8', 'private, max-age=900', '', 'Fri, 12 Mar 2021 19:58:08 GMT', '7163', 'Fri, 12 Mar 2021 18:00:00 GMT', '', 32),
(131, 'text/javascript; charset=UTF-8', 'private, max-age=900', '', 'Wed, 09 Mar 2022 08:03:05 GMT', '7163', 'Fri, 12 Mar 2021 18:00:00 GMT', '', 32),
(132, 'text/javascript; charset=UTF-8', 'private, max-age=900', '', 'Wed, 09 Mar 2022 08:03:05 GMT', '7163', 'Fri, 20 Nov 2020 01:53:31 GMT', '', 32),
(133, 'text/javascript; charset=UTF-8', 'private, max-age=900', '', 'Wed, 09 Mar 2022 08:03:05 GMT', '302103', 'Fri, 20 Nov 2020 01:53:31 GMT', '', 32),
(134, 'text/javascript; charset=UTF-8', 'public, max-age=31536000', '', 'Wed, 09 Mar 2022 08:03:05 GMT', '302103', 'Fri, 20 Nov 2020 01:53:31 GMT', '', 32),
(135, 'application/javascript; charset=utf-8', 'public, max-age=31536000', '', 'Wed, 09 Mar 2022 08:03:05 GMT', '302103', 'Fri, 20 Nov 2020 01:53:31 GMT', '', 33),
(136, 'application/javascript; charset=utf-8', 'public, max-age=31536000', '', 'Wed, 09 Mar 2022 08:03:05 GMT', '302103', 'Mon, 17 Jun 2019 21:36:18 GMT', '', 33),
(137, 'application/javascript; charset=utf-8', 'max-age=14400', '', 'Wed, 09 Mar 2022 08:03:05 GMT', '302103', 'Mon, 17 Jun 2019 21:36:18 GMT', '', 33),
(138, 'application/javascript; charset=utf-8', 'max-age=14400', '', 'Wed, 09 Mar 2022 08:03:05 GMT', '4597', 'Mon, 17 Jun 2019 21:36:18 GMT', '', 33),
(139, 'text/css', 'max-age=14400', '', 'Wed, 09 Mar 2022 08:03:05 GMT', '4597', 'Mon, 17 Jun 2019 21:36:18 GMT', '', 34),
(140, 'text/css', 'max-age=31556926', '', 'Wed, 09 Mar 2022 08:03:05 GMT', '4597', 'Mon, 17 Jun 2019 21:36:18 GMT', '', 34),
(141, 'text/css', 'max-age=31556926', '', 'Wed, 09 Mar 2022 08:03:05 GMT', '4597', 'Wed, 13 Jan 2021 18:32:23 GMT', '', 34),
(142, 'text/css', 'max-age=31556926', '', 'Wed, 09 Mar 2022 08:03:05 GMT', '4919427', 'Wed, 13 Jan 2021 18:32:23 GMT', '', 34),
(143, 'text/css', 'max-age=31556926', '', 'Wed, 09 Mar 2022 08:03:05 GMT', '4919427', 'Wed, 13 Jan 2021 18:32:23 GMT', '', 35),
(144, 'text/css', 'max-age=31556926', '', 'Wed, 09 Mar 2022 08:03:05 GMT', '4919427', 'Wed, 13 Jan 2021 18:32:23 GMT', '', 35),
(145, 'text/css', 'max-age=31556926', '', 'Wed, 09 Mar 2022 08:03:05 GMT', '4919427', 'Wed, 13 Jan 2021 18:32:20 GMT', '', 35),
(146, 'text/css', 'max-age=31556926', '', 'Wed, 09 Mar 2022 08:03:05 GMT', '4919427', 'Wed, 13 Jan 2021 18:32:20 GMT', '', 35),
(147, 'text/css', 'max-age=31556926', '', 'Wed, 09 Mar 2022 08:03:05 GMT', '4919427', 'Wed, 13 Jan 2021 18:32:20 GMT', '', 36),
(148, 'text/css', 'max-age=31556926', '', 'Wed, 09 Mar 2022 08:03:05 GMT', '4919427', 'Wed, 13 Jan 2021 18:32:20 GMT', '', 36),
(149, 'text/css', 'max-age=31556926', '', 'Wed, 09 Mar 2022 08:03:05 GMT', '4919427', 'Wed, 13 Jan 2021 18:32:19 GMT', '', 36),
(150, 'text/css', 'max-age=31556926', '', 'Wed, 09 Mar 2022 08:03:05 GMT', '4919427', 'Wed, 13 Jan 2021 18:32:19 GMT', '', 36),
(151, 'application/json; charset=utf-8', 'max-age=31556926', '', 'Wed, 09 Mar 2022 08:03:05 GMT', '4919427', 'Wed, 13 Jan 2021 18:32:19 GMT', '', 37),
(152, 'application/json;charset=UTF-8', 'public, max-age=7200, stale-if-error=604800', '', 'Wed, 09 Mar 2022 08:03:05 GMT', '4919427', 'Wed, 13 Jan 2021 18:32:19 GMT', '', 39),
(153, 'application/json;charset=UTF-8', 'public, max-age=7200, stale-if-error=604800', '', 'Wed, 09 Mar 2022 08:03:05 GMT', '4919427', 'Fri, 29 Jan 2021 19:19:08 GMT', '', 39),
(154, 'application/javascript', 'public, max-age=7200, stale-if-error=604800', '', 'Wed, 09 Mar 2022 08:03:05 GMT', '4919427', 'Fri, 29 Jan 2021 19:19:08 GMT', '', 39),
(155, 'application/json; charset=utf-8', 'public, max-age=7200, stale-if-error=604800', '', 'Wed, 09 Mar 2022 08:03:05 GMT', '4919427', 'Fri, 29 Jan 2021 19:19:08 GMT', '', 40),
(156, 'application/json; charset=utf-8', 'public, max-age=7200, stale-if-error=604800', '', 'Wed, 09 Mar 2022 08:03:05 GMT', '4919427', 'Fri, 29 Jan 2021 19:19:08 GMT', '', 42),
(157, 'application/json', 'public, max-age=7200, stale-if-error=604800', '', 'Fri, 12 Mar 2021 19:56:55 GMT', '4919427', 'Fri, 29 Jan 2021 19:19:08 GMT', '', 44),
(158, 'application/json', 'private, max-age=3600', '', 'Fri, 12 Mar 2021 19:56:55 GMT', '4919427', 'Fri, 29 Jan 2021 19:19:08 GMT', '', 44),
(159, 'text/javascript; charset=UTF-8', 'private, max-age=3600', '', 'Fri, 12 Mar 2021 19:56:55 GMT', '4919427', 'Fri, 29 Jan 2021 19:19:08 GMT', '', 44),
(160, 'text/javascript; charset=UTF-8', 'private, max-age=3600', '', 'Fri, 12 Mar 2021 20:20:21 GMT', '4919427', 'Fri, 29 Jan 2021 19:19:08 GMT', '', 45),
(161, 'text/javascript; charset=UTF-8', 'public, max-age=7200', '', 'Fri, 12 Mar 2021 20:20:21 GMT', '4919427', 'Fri, 29 Jan 2021 19:19:08 GMT', '', 45),
(162, 'text/javascript; charset=UTF-8', 'public, max-age=7200', '', 'Fri, 12 Mar 2021 20:20:21 GMT', '5794', 'Fri, 29 Jan 2021 19:19:08 GMT', '', 45),
(163, 'text/javascript; charset=UTF-8', 'public, max-age=7200', '', 'Fri, 12 Mar 2021 20:20:21 GMT', '5794', 'Fri, 05 Feb 2021 21:33:27 GMT', '', 45),
(164, 'text/javascript', 'public, max-age=7200', '', 'Fri, 12 Mar 2021 20:20:21 GMT', '5794', 'Fri, 05 Feb 2021 21:33:27 GMT', '', 45),
(165, 'text/javascript', 'max-age=600', '', 'Fri, 12 Mar 2021 20:20:21 GMT', '5794', 'Fri, 05 Feb 2021 21:33:27 GMT', '', 46),
(166, 'application/javascript', 'max-age=600', '', 'Fri, 12 Mar 2021 20:20:21 GMT', '5794', 'Fri, 05 Feb 2021 21:33:27 GMT', '', 46),
(167, 'application/javascript', 'max-age=600', '', 'Fri, 12 Mar 2021 20:08:09 GMT', '5794', 'Fri, 05 Feb 2021 21:33:27 GMT', '', 46),
(168, 'application/javascript', 'max-age=600', '', 'Fri, 12 Mar 2021 20:08:09 GMT', '5794', 'Fri, 12 Mar 2021 11:09:16 GMT', '', 46),
(169, 'application/javascript', 'max-age=600', 'no-cache', 'Fri, 12 Mar 2021 20:08:09 GMT', '5794', 'Fri, 12 Mar 2021 11:09:16 GMT', 'collector-654.tvsquared.com', 47),
(170, 'application/javascript', 'max-age=600', 'no-cache', 'Fri, 01 Jan 1990 00:00:00 GMT', '5794', 'Fri, 12 Mar 2021 11:09:16 GMT', 'collector-654.tvsquared.com', 47),
(171, 'application/javascript', 'no-cache, must-revalidate', 'no-cache', 'Fri, 01 Jan 1990 00:00:00 GMT', '5794', 'Fri, 12 Mar 2021 11:09:16 GMT', 'collector-654.tvsquared.com', 47),
(172, 'text/html; charset=UTF-8', 'no-cache, must-revalidate', 'no-cache', 'Fri, 01 Jan 1990 00:00:00 GMT', '5794', 'Fri, 12 Mar 2021 11:09:16 GMT', 'collector-654.tvsquared.com', 47),
(173, 'text/html; charset=UTF-8', 'no-cache, must-revalidate', 'no-cache', 'Fri, 01 Jan 1990 00:00:00 GMT', '5794', 'Fri, 12 Mar 2021 11:09:16 GMT', 'collector-654.tvsquared.com', 49),
(174, 'text/html; charset=UTF-8', 'no-cache, must-revalidate', 'no-cache', 'Fri, 01 Jan 1990 00:00:00 GMT', '5794', 'Fri, 12 Mar 2021 11:09:16 GMT', 'collector-654.tvsquared.com', 49),
(175, 'text/html; charset=UTF-8', 'no-cache, must-revalidate', 'no-cache', 'Fri, 01 Jan 1990 00:00:00 GMT', '5794', 'Fri, 12 Mar 2021 11:09:16 GMT', 'collector-654.tvsquared.com', 49),
(176, 'text/javascript; charset=UTF-8', 'no-cache, must-revalidate', 'no-cache', 'Fri, 01 Jan 1990 00:00:00 GMT', '5794', 'Fri, 12 Mar 2021 11:09:16 GMT', 'collector-654.tvsquared.com', 49),
(177, 'application/json; charset=utf-8', 'no-cache, must-revalidate', 'no-cache', 'Fri, 01 Jan 1990 00:00:00 GMT', '5794', 'Fri, 12 Mar 2021 11:09:16 GMT', 'collector-654.tvsquared.com', 50),
(178, 'application/json', 'no-cache, must-revalidate', 'no-cache', 'Fri, 12 Mar 2021 20:22:22 GMT', '5794', 'Fri, 12 Mar 2021 11:09:16 GMT', 'collector-654.tvsquared.com', 52),
(179, 'application/json', 'public, max-age=3600', 'no-cache', 'Fri, 12 Mar 2021 20:22:22 GMT', '5794', 'Fri, 12 Mar 2021 11:09:16 GMT', 'collector-654.tvsquared.com', 52),
(180, 'application/json', 'public, max-age=3600', 'no-cache', 'Fri, 12 Mar 2021 20:22:22 GMT', '2073', 'Fri, 12 Mar 2021 11:09:16 GMT', 'collector-654.tvsquared.com', 52),
(181, 'text/javascript', 'public, max-age=3600', 'no-cache', 'Fri, 12 Mar 2021 20:22:22 GMT', '2073', 'Fri, 12 Mar 2021 11:09:16 GMT', 'collector-654.tvsquared.com', 52),
(182, 'text/javascript', 'public, max-age=3600', 'no-cache', 'Fri, 12 Mar 2021 20:22:22 GMT', '2073', 'Tue, 22 Oct 2019 18:15:00 GMT', 'collector-654.tvsquared.com', 52),
(183, 'application/json; charset=UTF-8', 'public, max-age=3600', 'no-cache', 'Fri, 12 Mar 2021 20:22:22 GMT', '2073', 'Tue, 22 Oct 2019 18:15:00 GMT', 'collector-654.tvsquared.com', 53),
(184, 'application/json; charset=UTF-8', 'private', 'no-cache', 'Fri, 12 Mar 2021 20:22:22 GMT', '2073', 'Tue, 22 Oct 2019 18:15:00 GMT', 'collector-654.tvsquared.com', 53),
(185, 'font/woff2', 'private', 'no-cache', 'Fri, 12 Mar 2021 20:22:22 GMT', '2073', 'Tue, 22 Oct 2019 18:15:00 GMT', 'collector-654.tvsquared.com', 54),
(186, 'font/woff2', 'max-age=31556926', 'no-cache', 'Fri, 12 Mar 2021 20:22:22 GMT', '2073', 'Tue, 22 Oct 2019 18:15:00 GMT', 'collector-654.tvsquared.com', 54),
(187, 'font/woff2', 'max-age=31556926', 'no-cache', 'Fri, 12 Mar 2021 20:22:22 GMT', '2073', 'Wed, 13 Jan 2021 18:39:27 GMT', 'collector-654.tvsquared.com', 54),
(188, 'font/woff2', 'max-age=31556926', 'no-cache', 'Fri, 12 Mar 2021 20:22:22 GMT', '4919425', 'Wed, 13 Jan 2021 18:39:27 GMT', 'collector-654.tvsquared.com', 54),
(189, 'font/woff2', 'max-age=31556926', 'no-cache', 'Fri, 12 Mar 2021 20:22:22 GMT', '4919425', 'Wed, 13 Jan 2021 18:39:27 GMT', 'collector-654.tvsquared.com', 55),
(190, 'font/woff2', 'max-age=31556926', 'no-cache', 'Fri, 12 Mar 2021 20:22:22 GMT', '4919425', 'Wed, 13 Jan 2021 18:39:27 GMT', 'collector-654.tvsquared.com', 55),
(191, 'font/woff2', 'max-age=31556926', 'no-cache', 'Fri, 12 Mar 2021 20:22:22 GMT', '4919425', 'Wed, 13 Jan 2021 18:40:17 GMT', 'collector-654.tvsquared.com', 55),
(192, 'font/woff2', 'max-age=31556926', 'no-cache', 'Fri, 12 Mar 2021 20:22:22 GMT', '4919425', 'Wed, 13 Jan 2021 18:40:17 GMT', 'collector-654.tvsquared.com', 55),
(193, 'font/woff2', 'max-age=31556926', 'no-cache', 'Fri, 12 Mar 2021 20:22:22 GMT', '4919425', 'Wed, 13 Jan 2021 18:40:17 GMT', 'collector-654.tvsquared.com', 56),
(194, 'font/woff2', 'max-age=31556926', 'no-cache', 'Fri, 12 Mar 2021 20:22:22 GMT', '4919425', 'Wed, 13 Jan 2021 18:40:17 GMT', 'collector-654.tvsquared.com', 56),
(195, 'font/woff2', 'max-age=31556926', 'no-cache', 'Fri, 12 Mar 2021 20:22:22 GMT', '4919425', 'Wed, 13 Jan 2021 18:44:17 GMT', 'collector-654.tvsquared.com', 56),
(196, 'font/woff2', 'max-age=31556926', 'no-cache', 'Fri, 12 Mar 2021 20:22:22 GMT', '4919425', 'Wed, 13 Jan 2021 18:44:17 GMT', 'collector-654.tvsquared.com', 56),
(197, 'font/woff2', 'max-age=31556926', 'no-cache', 'Fri, 12 Mar 2021 20:22:22 GMT', '4919425', 'Wed, 13 Jan 2021 18:44:17 GMT', 'collector-654.tvsquared.com', 57),
(198, 'font/woff2', 'max-age=31556926', 'no-cache', 'Fri, 12 Mar 2021 20:22:22 GMT', '4919425', 'Wed, 13 Jan 2021 18:44:17 GMT', 'collector-654.tvsquared.com', 57),
(199, 'font/woff2', 'max-age=31556926', 'no-cache', 'Fri, 12 Mar 2021 20:22:22 GMT', '4919425', 'Wed, 13 Jan 2021 18:44:42 GMT', 'collector-654.tvsquared.com', 57),
(200, 'font/woff2', 'max-age=31556926', 'no-cache', 'Fri, 12 Mar 2021 20:22:22 GMT', '2052537', 'Wed, 13 Jan 2021 18:44:42 GMT', 'collector-654.tvsquared.com', 57),
(201, 'font/woff2', 'max-age=31556926', 'no-cache', 'Fri, 12 Mar 2021 20:22:22 GMT', '2052537', 'Wed, 13 Jan 2021 18:44:42 GMT', 'collector-654.tvsquared.com', 58),
(202, 'font/woff2', 'max-age=31556926', 'no-cache', 'Fri, 12 Mar 2021 20:22:22 GMT', '2052537', 'Wed, 13 Jan 2021 18:44:42 GMT', 'collector-654.tvsquared.com', 58),
(203, 'font/woff2', 'max-age=31556926', 'no-cache', 'Fri, 12 Mar 2021 20:22:22 GMT', '2052537', 'Wed, 13 Jan 2021 18:44:47 GMT', 'collector-654.tvsquared.com', 58),
(204, 'font/woff2', 'max-age=31556926', 'no-cache', 'Fri, 12 Mar 2021 20:22:22 GMT', '4919425', 'Wed, 13 Jan 2021 18:44:47 GMT', 'collector-654.tvsquared.com', 58),
(205, 'image/png', 'max-age=31556926', 'no-cache', 'Fri, 12 Mar 2021 20:22:22 GMT', '4919425', 'Wed, 13 Jan 2021 18:44:47 GMT', 'collector-654.tvsquared.com', 59),
(206, 'image/png', 'max-age=31556926', 'no-cache', 'Fri, 12 Mar 2021 20:22:22 GMT', '4919425', 'Tue, 02 Mar 2021 09:39:50 GMT', 'collector-654.tvsquared.com', 59),
(207, 'image/png', 'max-age=31556926', 'no-cache', 'Fri, 12 Mar 2021 20:22:22 GMT', '289551', 'Tue, 02 Mar 2021 09:39:50 GMT', 'collector-654.tvsquared.com', 59),
(208, 'image/png', 'max-age=31556926', 'no-cache', 'Sat, 12 Mar 2022 19:58:09 GMT', '289551', 'Tue, 02 Mar 2021 09:39:50 GMT', 'collector-654.tvsquared.com', 59),
(209, 'image/png', 'public, max-age=31536000', 'no-cache', 'Sat, 12 Mar 2022 19:58:09 GMT', '289551', 'Tue, 02 Mar 2021 09:39:50 GMT', 'collector-654.tvsquared.com', 59),
(210, 'application/json; charset=UTF-8', 'public, max-age=31536000', 'no-cache', 'Sat, 12 Mar 2022 19:58:09 GMT', '289551', 'Tue, 02 Mar 2021 09:39:50 GMT', 'collector-654.tvsquared.com', 60),
(211, 'application/json; charset=UTF-8', 'private', 'no-cache', 'Sat, 12 Mar 2022 19:58:09 GMT', '289551', 'Tue, 02 Mar 2021 09:39:50 GMT', 'collector-654.tvsquared.com', 60),
(212, 'font/woff2', 'private', 'no-cache', 'Sat, 12 Mar 2022 19:58:09 GMT', '289551', 'Tue, 02 Mar 2021 09:39:50 GMT', 'collector-654.tvsquared.com', 61),
(213, 'font/woff2', 'max-age=31556926', 'no-cache', 'Sat, 12 Mar 2022 19:58:09 GMT', '289551', 'Tue, 02 Mar 2021 09:39:50 GMT', 'collector-654.tvsquared.com', 61),
(214, 'font/woff2', 'max-age=31556926', 'no-cache', 'Sat, 12 Mar 2022 19:58:09 GMT', '289551', 'Wed, 13 Jan 2021 18:43:33 GMT', 'collector-654.tvsquared.com', 61),
(215, 'font/woff2', 'max-age=31556926', 'no-cache', 'Sat, 12 Mar 2022 19:58:09 GMT', '4916849', 'Wed, 13 Jan 2021 18:43:33 GMT', 'collector-654.tvsquared.com', 61),
(216, 'text/html; charset=UTF-8', 'max-age=31556926', 'no-cache', 'Sat, 12 Mar 2022 19:58:09 GMT', '4916849', 'Wed, 13 Jan 2021 18:43:33 GMT', 'collector-654.tvsquared.com', 62),
(217, 'image/png', 'max-age=31556926', 'no-cache', 'Sat, 12 Mar 2022 19:58:09 GMT', '4916849', 'Wed, 13 Jan 2021 18:43:33 GMT', 'collector-654.tvsquared.com', 63),
(218, 'image/png', 'public, max-age=691200', 'no-cache', 'Sat, 12 Mar 2022 19:58:09 GMT', '4916849', 'Wed, 13 Jan 2021 18:43:33 GMT', 'collector-654.tvsquared.com', 63),
(219, 'image/png', 'public, max-age=691200', 'no-cache', 'Sat, 20 Mar 2021 19:58:09 GMT', '4916849', 'Wed, 13 Jan 2021 18:43:33 GMT', 'collector-654.tvsquared.com', 63),
(220, 'image/png', 'public, max-age=691200', 'no-cache', 'Sat, 20 Mar 2021 19:58:09 GMT', '4916849', 'Thu, 11 Mar 2021 15:01:37 GMT', 'collector-654.tvsquared.com', 63),
(221, 'image/png', 'public, max-age=691200', 'no-cache', 'Sat, 20 Mar 2021 19:58:09 GMT', '40933', 'Thu, 11 Mar 2021 15:01:37 GMT', 'collector-654.tvsquared.com', 63),
(222, 'image/png', 'public, max-age=691200', 'no-cache', 'Sat, 20 Mar 2021 19:58:09 GMT', '40933', 'Thu, 11 Mar 2021 15:01:37 GMT', 'collector-654.tvsquared.com', 64),
(223, 'image/png', 'public, max-age=691200', 'no-cache', 'Fri, 01 Jan 1990 00:00:00 GMT', '40933', 'Thu, 11 Mar 2021 15:01:37 GMT', 'collector-654.tvsquared.com', 64),
(224, 'image/png', 'no-cache, no-store, must-revalidate', 'no-cache', 'Fri, 01 Jan 1990 00:00:00 GMT', '40933', 'Thu, 11 Mar 2021 15:01:37 GMT', 'collector-654.tvsquared.com', 64),
(225, 'image/gif', 'no-cache, no-store, must-revalidate', 'no-cache', 'Fri, 01 Jan 1990 00:00:00 GMT', '40933', 'Thu, 11 Mar 2021 15:01:37 GMT', 'collector-654.tvsquared.com', 64),
(226, 'image/gif', 'no-cache, no-store, must-revalidate', 'no-cache', 'Fri, 01 Jan 1990 00:00:00 GMT', '40933', 'Thu, 11 Mar 2021 15:01:37 GMT', 'collector-654.tvsquared.com', 65),
(227, 'image/gif', 'no-cache, no-store, must-revalidate', 'no-cache', 'Fri, 01 Jan 1990 00:00:00 GMT', '40933', 'Thu, 11 Mar 2021 15:01:37 GMT', 'collector-654.tvsquared.com', 65),
(228, 'image/gif', 'no-cache, no-store, must-revalidate', 'no-cache', 'Fri, 01 Jan 1990 00:00:00 GMT', '40933', 'Thu, 11 Mar 2021 15:01:37 GMT', 'collector-654.tvsquared.com', 65),
(229, 'image/gif', 'no-cache, no-store, must-revalidate', 'no-cache', 'Fri, 01 Jan 1990 00:00:00 GMT', '40933', 'Thu, 11 Mar 2021 15:01:37 GMT', 'collector-654.tvsquared.com', 65),
(230, 'image/gif', 'no-cache, no-store, must-revalidate', 'no-cache', 'Fri, 01 Jan 1990 00:00:00 GMT', '40933', 'Thu, 11 Mar 2021 15:01:37 GMT', 'collector-654.tvsquared.com', 66),
(231, 'image/gif', 'no-cache, no-store, must-revalidate', 'no-cache', 'Fri, 01 Jan 1990 00:00:00 GMT', '40933', 'Thu, 11 Mar 2021 15:01:37 GMT', 'collector-654.tvsquared.com', 66),
(232, 'image/gif', 'no-cache, must-revalidate', 'no-cache', 'Fri, 01 Jan 1990 00:00:00 GMT', '40933', 'Thu, 11 Mar 2021 15:01:37 GMT', 'collector-654.tvsquared.com', 66),
(233, 'text/javascript; charset=UTF-8', 'no-cache, must-revalidate', 'no-cache', 'Fri, 01 Jan 1990 00:00:00 GMT', '40933', 'Thu, 11 Mar 2021 15:01:37 GMT', 'collector-654.tvsquared.com', 66),
(234, 'text/javascript;charset=ISO-8859-1', 'no-cache, must-revalidate', 'no-cache', 'Fri, 01 Jan 1990 00:00:00 GMT', '40933', 'Thu, 11 Mar 2021 15:01:37 GMT', 'collector-654.tvsquared.com', 67),
(235, 'text/javascript;charset=ISO-8859-1', 'no-cache, must-revalidate', 'no-cache', 'Fri, 01 Jan 1990 00:00:00 GMT', '40933', 'Thu, 11 Mar 2021 15:01:37 GMT', 'bam-cell.nr-data.net', 68),
(236, 'text/javascript;charset=ISO-8859-1', 'no-cache, must-revalidate', 'no-cache', 'Fri, 01 Jan 1990 00:00:00 GMT', '40933', 'Thu, 11 Mar 2021 15:01:37 GMT', 'bam-cell.nr-data.net', 68),
(237, 'text/javascript;charset=ISO-8859-1', 'no-cache, no-store, must-revalidate', 'no-cache', 'Fri, 01 Jan 1990 00:00:00 GMT', '40933', 'Thu, 11 Mar 2021 15:01:37 GMT', 'bam-cell.nr-data.net', 68),
(238, 'text/javascript;charset=ISO-8859-1', 'no-cache, no-store, must-revalidate', 'no-cache', 'Fri, 01 Jan 1990 00:00:00 GMT', '40933', 'Sun, 17 May 1998 03:00:00 GMT', 'bam-cell.nr-data.net', 68),
(239, 'text/plain', 'no-cache, no-store, must-revalidate', 'no-cache', 'Fri, 01 Jan 1990 00:00:00 GMT', '40933', 'Sun, 17 May 1998 03:00:00 GMT', 'bam-cell.nr-data.net', 68),
(240, 'text/plain', 'no-cache, no-store, must-revalidate', 'no-cache', 'Fri, 01 Jan 1990 00:00:00 GMT', '40933', 'Sun, 17 May 1998 03:00:00 GMT', 'bam-cell.nr-data.net', 69),
(241, 'text/plain', 'no-cache, no-store, must-revalidate', 'no-cache', 'Fri, 01 Jan 1990 00:00:00 GMT', '40933', 'Sun, 17 May 1998 03:00:00 GMT', 'bam-cell.nr-data.net', 69),
(242, 'text/plain', 'no-cache, no-store, must-revalidate', 'no-cache', 'Fri, 01 Jan 1990 00:00:00 GMT', '40933', 'Sun, 17 May 1998 03:00:00 GMT', 'bam-cell.nr-data.net', 69),
(243, 'text/plain', 'no-cache, no-store, must-revalidate', 'no-cache', 'Fri, 01 Jan 1990 00:00:00 GMT', '40933', 'Sun, 17 May 1998 03:00:00 GMT', 'bam-cell.nr-data.net', 69),
(244, 'text/plain', 'no-cache, no-store, must-revalidate', 'no-cache', 'Fri, 01 Jan 1990 00:00:00 GMT', '40933', 'Sun, 17 May 1998 03:00:00 GMT', 'bam-cell.nr-data.net', 69),
(245, 'text/plain', 'no-cache, no-store, must-revalidate', 'no-cache', 'Fri, 01 Jan 1990 00:00:00 GMT', '40933', 'Sun, 17 May 1998 03:00:00 GMT', 'bam-cell.nr-data.net', 70),
(246, 'text/plain', 'no-cache, no-store, must-revalidate', 'no-cache', 'Mon, 01 Jan 1990 00:00:00 GMT', '40933', 'Sun, 17 May 1998 03:00:00 GMT', 'bam-cell.nr-data.net', 70),
(247, 'text/plain', 'no-cache, no-store, must-revalidate', 'no-cache', 'Mon, 01 Jan 1990 00:00:00 GMT', '40933', 'Sun, 17 May 1998 03:00:00 GMT', 'bam-cell.nr-data.net', 70),
(248, 'image/gif', 'no-cache, no-store, must-revalidate', 'no-cache', 'Mon, 01 Jan 1990 00:00:00 GMT', '40933', 'Sun, 17 May 1998 03:00:00 GMT', 'bam-cell.nr-data.net', 70),
(249, 'image/gif', 'no-cache, no-store, must-revalidate', 'no-cache', 'Mon, 01 Jan 1990 00:00:00 GMT', '6293', 'Sun, 17 May 1998 03:00:00 GMT', 'bam-cell.nr-data.net', 70),
(250, 'image/gif', 'no-cache, no-store, must-revalidate', 'no-cache', 'Mon, 01 Jan 1990 00:00:00 GMT', '6293', 'Sun, 17 May 1998 03:00:00 GMT', 'bam-cell.nr-data.net', 70),
(251, 'image/gif', 'no-cache, no-store, must-revalidate', 'no-cache', 'Mon, 01 Jan 1990 00:00:00 GMT', '6293', 'Sun, 17 May 1998 03:00:00 GMT', 'bam-cell.nr-data.net', 71),
(252, 'image/gif', 'no-cache, no-store, must-revalidate', 'no-cache', 'Mon, 01 Jan 1990 00:00:00 GMT', '6293', 'Sun, 17 May 1998 03:00:00 GMT', 'bam-cell.nr-data.net', 71),
(253, 'image/gif', 'no-cache, no-store, must-revalidate', 'no-cache', 'Mon, 01 Jan 1990 00:00:00 GMT', '6293', 'Sun, 17 May 1998 03:00:00 GMT', 'bam-cell.nr-data.net', 71),
(254, 'image/gif', 'no-cache, no-store, must-revalidate', 'no-cache', 'Mon, 01 Jan 1990 00:00:00 GMT', '6293', 'Sun, 17 May 1998 03:00:00 GMT', 'bam-cell.nr-data.net', 71),
(255, 'image/gif', 'no-cache, no-store, must-revalidate', 'no-cache', 'Mon, 01 Jan 1990 00:00:00 GMT', '35242', 'Sun, 17 May 1998 03:00:00 GMT', 'bam-cell.nr-data.net', 71),
(256, 'image/gif', 'no-cache, no-store, must-revalidate', 'no-cache', 'Mon, 01 Jan 1990 00:00:00 GMT', '35242', 'Sun, 17 May 1998 03:00:00 GMT', 'bam-cell.nr-data.net', 71),
(257, 'application/json', 'no-cache, no-store, must-revalidate', 'no-cache', 'Mon, 01 Jan 1990 00:00:00 GMT', '35242', 'Sun, 17 May 1998 03:00:00 GMT', 'bam-cell.nr-data.net', 72),
(258, 'application/json', 'max-age=0, private, must-revalidate', 'no-cache', 'Mon, 01 Jan 1990 00:00:00 GMT', '35242', 'Sun, 17 May 1998 03:00:00 GMT', 'bam-cell.nr-data.net', 72),
(259, 'application/json', 'max-age=0, private, must-revalidate', 'no-cache', 'Mon, 01 Jan 1990 00:00:00 GMT', '35242', 'Sun, 17 May 1998 03:00:00 GMT', 'bam-cell.nr-data.net', 74),
(260, 'application/json', 'max-age=0, private, must-revalidate', 'no-cache', 'Mon, 01 Jan 1990 00:00:00 GMT', '35242', 'Sun, 17 May 1998 03:00:00 GMT', 'bam-cell.nr-data.net', 74),
(261, 'image/gif', 'max-age=0, private, must-revalidate', 'no-cache', 'Mon, 01 Jan 1990 00:00:00 GMT', '35242', 'Sun, 17 May 1998 03:00:00 GMT', 'bam-cell.nr-data.net', 76),
(262, 'image/gif', 'max-age=0, private, must-revalidate', 'no-cache', 'Mon, 01 Jan 1990 00:00:00 GMT', '35242', 'Sun, 17 May 1998 03:00:00 GMT', 'collector-654.tvsquared.com', 77),
(263, 'image/gif', 'max-age=0, private, must-revalidate', 'no-cache', 'Fri, 01 Jan 1990 00:00:00 GMT', '35242', 'Sun, 17 May 1998 03:00:00 GMT', 'collector-654.tvsquared.com', 77),
(264, 'image/gif', 'no-cache, no-store, must-revalidate', 'no-cache', 'Fri, 01 Jan 1990 00:00:00 GMT', '35242', 'Sun, 17 May 1998 03:00:00 GMT', 'collector-654.tvsquared.com', 77),
(265, 'image/gif', 'no-cache, no-store, must-revalidate', 'no-cache', 'Fri, 01 Jan 1990 00:00:00 GMT', '35242', 'Sun, 17 May 1998 03:00:00 GMT', 'collector-654.tvsquared.com', 77),
(266, 'text/plain', 'no-cache, no-store, must-revalidate', 'no-cache', 'Fri, 01 Jan 1990 00:00:00 GMT', '35242', 'Sun, 17 May 1998 03:00:00 GMT', 'collector-654.tvsquared.com', 77),
(267, 'text/plain', 'no-cache, no-store, must-revalidate', 'no-cache', 'Fri, 01 Jan 1990 00:00:00 GMT', '35242', 'Sun, 17 May 1998 03:00:00 GMT', 'collector-654.tvsquared.com', 78),
(268, 'text/plain', 'no-cache, no-store, must-revalidate', 'no-cache', 'Fri, 01 Jan 1990 00:00:00 GMT', '35242', 'Sun, 17 May 1998 03:00:00 GMT', 'collector-654.tvsquared.com', 78),
(269, 'text/plain', 'no-cache, no-store, must-revalidate', 'no-cache', 'Fri, 01 Jan 1990 00:00:00 GMT', '35242', 'Sun, 17 May 1998 03:00:00 GMT', 'collector-654.tvsquared.com', 78),
(270, 'image/gif', 'no-cache, no-store, must-revalidate', 'no-cache', 'Fri, 01 Jan 1990 00:00:00 GMT', '35242', 'Sun, 17 May 1998 03:00:00 GMT', 'collector-654.tvsquared.com', 78),
(271, 'image/gif', 'no-cache, no-store, must-revalidate', 'no-cache', 'Fri, 01 Jan 1990 00:00:00 GMT', '35242', 'Sun, 17 May 1998 03:00:00 GMT', 'collector-654.tvsquared.com', 79),
(272, 'image/gif', 'no-cache, no-store, must-revalidate', 'no-cache', 'Fri, 01 Jan 1990 00:00:00 GMT', '35242', 'Sun, 17 May 1998 03:00:00 GMT', 'collector-654.tvsquared.com', 79),
(273, 'image/gif', 'no-cache, no-store, must-revalidate', 'no-cache', 'Fri, 01 Jan 1990 00:00:00 GMT', '35242', 'Sun, 17 May 1998 03:00:00 GMT', 'collector-654.tvsquared.com', 79),
(274, 'image/gif', 'no-cache, no-store, must-revalidate', 'no-cache', 'Fri, 01 Jan 1990 00:00:00 GMT', '35242', 'Sun, 17 May 1998 03:00:00 GMT', 'collector-654.tvsquared.com', 79),
(275, 'application/json; charset=UTF-8', 'no-cache, no-store, must-revalidate', 'no-cache', 'Fri, 01 Jan 1990 00:00:00 GMT', '35242', 'Sun, 17 May 1998 03:00:00 GMT', 'collector-654.tvsquared.com', 80),
(276, 'application/json; charset=UTF-8', 'private', 'no-cache', 'Fri, 01 Jan 1990 00:00:00 GMT', '35242', 'Sun, 17 May 1998 03:00:00 GMT', 'collector-654.tvsquared.com', 80),
(277, 'text/html', 'private', 'no-cache', 'Fri, 01 Jan 1990 00:00:00 GMT', '35242', 'Sun, 17 May 1998 03:00:00 GMT', 'collector-654.tvsquared.com', 81),
(278, 'text/html', 'private', 'no-cache', 'Fri, 01 Jan 1990 00:00:00 GMT', '35242', 'Sun, 17 May 1998 03:00:00 GMT', 'collector-654.tvsquared.com', 82),
(279, 'text/html', 'private', 'no-cache', 'Fri, 01 Jan 1990 00:00:00 GMT', '35242', 'Sun, 17 May 1998 03:00:00 GMT', 'collector-654.tvsquared.com', 82),
(280, 'text/html', 'no-cache, no-store, must-revalidate', 'no-cache', 'Fri, 01 Jan 1990 00:00:00 GMT', '35242', 'Sun, 17 May 1998 03:00:00 GMT', 'collector-654.tvsquared.com', 82),
(281, 'image/gif', 'no-cache, no-store, must-revalidate', 'no-cache', 'Fri, 01 Jan 1990 00:00:00 GMT', '35242', 'Sun, 17 May 1998 03:00:00 GMT', 'collector-654.tvsquared.com', 82),
(282, 'image/gif', 'no-cache, no-store, must-revalidate', 'no-cache', 'Fri, 01 Jan 1990 00:00:00 GMT', '35242', 'Sun, 17 May 1998 03:00:00 GMT', 'collector-654.tvsquared.com', 83),
(283, 'image/gif', 'no-cache, no-store, must-revalidate', 'no-cache', 'Fri, 01 Jan 1990 00:00:00 GMT', '35242', 'Sun, 17 May 1998 03:00:00 GMT', 'collector-654.tvsquared.com', 83),
(284, 'image/gif', 'no-cache, no-store, must-revalidate', 'no-cache', 'Fri, 01 Jan 1990 00:00:00 GMT', '35242', 'Sun, 17 May 1998 03:00:00 GMT', 'collector-654.tvsquared.com', 83),
(285, 'image/gif', 'no-cache, no-store, must-revalidate', 'no-cache', 'Fri, 01 Jan 1990 00:00:00 GMT', '35242', 'Sun, 17 May 1998 03:00:00 GMT', 'collector-654.tvsquared.com', 83),
(286, 'image/webp', 'no-cache, no-store, must-revalidate', 'no-cache', 'Fri, 01 Jan 1990 00:00:00 GMT', '35242', 'Sun, 17 May 1998 03:00:00 GMT', 'collector-654.tvsquared.com', 84),
(287, 'image/webp', 'public, max-age=691200', 'no-cache', 'Fri, 01 Jan 1990 00:00:00 GMT', '35242', 'Sun, 17 May 1998 03:00:00 GMT', 'collector-654.tvsquared.com', 84),
(288, 'image/webp', 'public, max-age=691200', 'no-cache', 'Sat, 20 Mar 2021 19:58:09 GMT', '35242', 'Sun, 17 May 1998 03:00:00 GMT', 'collector-654.tvsquared.com', 84),
(289, 'image/webp', 'public, max-age=691200', 'no-cache', 'Sat, 20 Mar 2021 19:58:09 GMT', '35242', 'Thu, 11 Mar 2021 15:01:37 GMT', 'collector-654.tvsquared.com', 84),
(290, 'image/png', 'public, max-age=691200', 'no-cache', 'Sat, 20 Mar 2021 19:58:09 GMT', '35242', 'Thu, 11 Mar 2021 15:01:37 GMT', 'collector-654.tvsquared.com', 85),
(291, 'image/png', 'public, max-age=86400', 'no-cache', 'Sat, 20 Mar 2021 19:58:09 GMT', '35242', 'Thu, 11 Mar 2021 15:01:37 GMT', 'collector-654.tvsquared.com', 85),
(292, 'image/png', 'public, max-age=86400', 'no-cache', 'Sat, 20 Mar 2021 19:58:09 GMT', '35242', 'Thu, Sep 26 2019 11:31:02 GMT', 'collector-654.tvsquared.com', 85),
(293, 'image/png', 'public, max-age=86400', 'no-cache', 'Sat, 20 Mar 2021 19:58:09 GMT', '77228', 'Thu, Sep 26 2019 11:31:02 GMT', 'collector-654.tvsquared.com', 85),
(294, 'image/png', 'public, max-age=86400', 'no-cache', 'Sat, 13 Mar 2021 19:58:11 GMT', '77228', 'Thu, Sep 26 2019 11:31:02 GMT', 'collector-654.tvsquared.com', 85),
(295, 'image/png', 'public, max-age=86400', 'no-cache', 'Sat, 13 Mar 2021 19:58:11 GMT', '77228', 'Thu, Sep 26 2019 11:31:02 GMT', 'collector-654.tvsquared.com', 86),
(296, 'image/png', 'public, max-age=86400', 'no-cache', 'Sat, 13 Mar 2021 19:58:11 GMT', '77228', 'Thu, Sep 26 2019 11:31:02 GMT', 'collector-654.tvsquared.com', 86),
(297, 'image/png', 'public, max-age=86400', 'no-cache', 'Sat, 13 Mar 2021 19:58:11 GMT', '77228', 'Thu, Sep 26 2019 11:33:15 GMT', 'collector-654.tvsquared.com', 86),
(298, 'image/png', 'public, max-age=86400', 'no-cache', 'Sat, 13 Mar 2021 19:58:11 GMT', '31377', 'Thu, Sep 26 2019 11:33:15 GMT', 'collector-654.tvsquared.com', 86),
(299, 'image/png', 'public, max-age=86400', 'no-cache', 'Sat, 13 Mar 2021 19:58:11 GMT', '31377', 'Thu, Sep 26 2019 11:33:15 GMT', 'collector-654.tvsquared.com', 86),
(300, 'image/png', 'public, max-age=86400', 'no-cache', 'Sat, 13 Mar 2021 19:58:11 GMT', '31377', 'Thu, Sep 26 2019 11:33:15 GMT', 'collector-654.tvsquared.com', 87),
(301, 'image/png', 'public, max-age=86400', 'no-cache', 'Sat, 13 Mar 2021 19:58:11 GMT', '31377', 'Thu, Sep 26 2019 11:33:15 GMT', 'collector-654.tvsquared.com', 87),
(302, 'image/png', 'public, max-age=86400', 'no-cache', 'Sat, 13 Mar 2021 19:58:11 GMT', '31377', 'Thu, Sep 26 2019 11:31:52 GMT', 'collector-654.tvsquared.com', 87),
(303, 'image/png', 'public, max-age=86400', 'no-cache', 'Sat, 13 Mar 2021 19:58:11 GMT', '21432', 'Thu, Sep 26 2019 11:31:52 GMT', 'collector-654.tvsquared.com', 87),
(304, 'image/png', 'public, max-age=86400', 'no-cache', 'Sat, 13 Mar 2021 19:58:11 GMT', '21432', 'Thu, Sep 26 2019 11:31:52 GMT', 'collector-654.tvsquared.com', 87),
(305, 'image/png', 'public, max-age=86400', 'no-cache', 'Sat, 13 Mar 2021 19:58:11 GMT', '21432', 'Thu, Sep 26 2019 11:31:52 GMT', 'collector-654.tvsquared.com', 88),
(306, 'image/png', 'public, max-age=86400', 'no-cache', 'Sat, 13 Mar 2021 19:58:11 GMT', '21432', 'Thu, Sep 26 2019 11:31:52 GMT', 'collector-654.tvsquared.com', 88),
(307, 'image/png', 'public, max-age=86400', 'no-cache', 'Sat, 13 Mar 2021 19:58:11 GMT', '21432', 'Thu, Sep 26 2019 11:30:55 GMT', 'collector-654.tvsquared.com', 88),
(308, 'image/png', 'public, max-age=86400', 'no-cache', 'Sat, 13 Mar 2021 19:58:11 GMT', '81874', 'Thu, Sep 26 2019 11:30:55 GMT', 'collector-654.tvsquared.com', 88),
(309, 'image/png', 'public, max-age=86400', 'no-cache', 'Sat, 13 Mar 2021 19:58:11 GMT', '81874', 'Thu, Sep 26 2019 11:30:55 GMT', 'collector-654.tvsquared.com', 88),
(310, 'image/png', 'public, max-age=86400', 'no-cache', 'Sat, 13 Mar 2021 19:58:11 GMT', '81874', 'Thu, Sep 26 2019 11:30:55 GMT', 'collector-654.tvsquared.com', 89),
(311, 'image/png', 'public, max-age=86400', 'no-cache', 'Sat, 13 Mar 2021 19:58:11 GMT', '81874', 'Thu, Sep 26 2019 11:30:55 GMT', 'collector-654.tvsquared.com', 89),
(312, 'image/png', 'public, max-age=86400', 'no-cache', 'Sat, 13 Mar 2021 19:58:11 GMT', '81874', 'Thu, Sep 26 2019 11:31:21 GMT', 'collector-654.tvsquared.com', 89),
(313, 'image/png', 'public, max-age=86400', 'no-cache', 'Sat, 13 Mar 2021 19:58:11 GMT', '80314', 'Thu, Sep 26 2019 11:31:21 GMT', 'collector-654.tvsquared.com', 89),
(314, 'image/png', 'public, max-age=86400', 'no-cache', 'Sat, 13 Mar 2021 19:58:11 GMT', '80314', 'Thu, Sep 26 2019 11:31:21 GMT', 'collector-654.tvsquared.com', 89),
(315, 'image/png', 'public, max-age=86400', 'no-cache', 'Sat, 13 Mar 2021 19:58:11 GMT', '80314', 'Thu, Sep 26 2019 11:31:21 GMT', 'collector-654.tvsquared.com', 90),
(316, 'image/png', 'public, max-age=86400', 'no-cache', 'Sat, 13 Mar 2021 19:58:11 GMT', '80314', 'Thu, Sep 26 2019 11:31:21 GMT', 'collector-654.tvsquared.com', 90),
(317, 'image/png', 'public, max-age=86400', 'no-cache', 'Sat, 13 Mar 2021 19:58:11 GMT', '80314', 'Thu, Sep 26 2019 11:30:25 GMT', 'collector-654.tvsquared.com', 90),
(318, 'image/png', 'public, max-age=86400', 'no-cache', 'Sat, 13 Mar 2021 19:58:11 GMT', '14394', 'Thu, Sep 26 2019 11:30:25 GMT', 'collector-654.tvsquared.com', 90),
(319, 'image/png', 'public, max-age=86400', 'no-cache', 'Sat, 13 Mar 2021 19:58:11 GMT', '14394', 'Thu, Sep 26 2019 11:30:25 GMT', 'collector-654.tvsquared.com', 90),
(320, 'image/png', 'public, max-age=86400', 'no-cache', 'Sat, 13 Mar 2021 19:58:11 GMT', '14394', 'Thu, Sep 26 2019 11:30:25 GMT', 'collector-654.tvsquared.com', 91),
(321, 'image/png', 'public, max-age=86400', 'no-cache', 'Sat, 13 Mar 2021 19:58:11 GMT', '14394', 'Thu, Sep 26 2019 11:30:25 GMT', 'collector-654.tvsquared.com', 91),
(322, 'image/png', 'public, max-age=86400', 'no-cache', 'Sat, 13 Mar 2021 19:58:11 GMT', '14394', 'Thu, Sep 26 2019 11:30:27 GMT', 'collector-654.tvsquared.com', 91);
INSERT INTO `hresponse` (`idhresponse`, `contentType`, `cacheControl`, `pragma`, `expires`, `age`, `lastModified`, `host`, `identries`) VALUES
(323, 'image/png', 'public, max-age=86400', 'no-cache', 'Sat, 13 Mar 2021 19:58:11 GMT', '69455', 'Thu, Sep 26 2019 11:30:27 GMT', 'collector-654.tvsquared.com', 91),
(324, 'image/png', 'public, max-age=86400', 'no-cache', 'Sat, 13 Mar 2021 19:58:11 GMT', '69455', 'Thu, Sep 26 2019 11:30:27 GMT', 'collector-654.tvsquared.com', 91),
(325, 'image/png', 'public, max-age=86400', 'no-cache', 'Sat, 13 Mar 2021 19:58:11 GMT', '69455', 'Thu, Sep 26 2019 11:30:27 GMT', 'collector-654.tvsquared.com', 92),
(326, 'image/png', 'public, max-age=86400', 'no-cache', 'Sat, 13 Mar 2021 19:58:11 GMT', '69455', 'Thu, Sep 26 2019 11:30:27 GMT', 'collector-654.tvsquared.com', 92),
(327, 'image/png', 'public, max-age=86400', 'no-cache', 'Sat, 13 Mar 2021 19:58:11 GMT', '69455', 'Thu, Sep 26 2019 11:32:45 GMT', 'collector-654.tvsquared.com', 92),
(328, 'image/png', 'public, max-age=86400', 'no-cache', 'Sat, 13 Mar 2021 19:58:11 GMT', '2134', 'Thu, Sep 26 2019 11:32:45 GMT', 'collector-654.tvsquared.com', 92),
(329, 'image/png', 'public, max-age=86400', 'no-cache', 'Sat, 13 Mar 2021 19:58:11 GMT', '2134', 'Thu, Sep 26 2019 11:32:45 GMT', 'collector-654.tvsquared.com', 92),
(330, 'image/png', 'public, max-age=86400', 'no-cache', 'Sat, 13 Mar 2021 19:58:11 GMT', '2134', 'Thu, Sep 26 2019 11:32:45 GMT', 'collector-654.tvsquared.com', 93),
(331, 'image/png', 'public, max-age=86400', 'no-cache', 'Sat, 13 Mar 2021 19:58:11 GMT', '2134', 'Thu, Sep 26 2019 11:32:45 GMT', 'collector-654.tvsquared.com', 93),
(332, 'image/png', 'public, max-age=86400', 'no-cache', 'Sat, 13 Mar 2021 19:58:11 GMT', '2134', 'Thu, Sep 26 2019 11:31:10 GMT', 'collector-654.tvsquared.com', 93),
(333, 'image/png', 'public, max-age=86400', 'no-cache', 'Sat, 13 Mar 2021 19:58:11 GMT', '6293', 'Thu, Sep 26 2019 11:31:10 GMT', 'collector-654.tvsquared.com', 93),
(334, 'image/png', 'public, max-age=86400', 'no-cache', 'Sat, 13 Mar 2021 19:58:11 GMT', '6293', 'Thu, Sep 26 2019 11:31:10 GMT', 'collector-654.tvsquared.com', 93),
(335, 'image/png', 'public, max-age=86400', 'no-cache', 'Sat, 13 Mar 2021 19:58:11 GMT', '6293', 'Thu, Sep 26 2019 11:31:10 GMT', 'collector-654.tvsquared.com', 94),
(336, 'image/png', 'public, max-age=86400', 'no-cache', 'Sat, 13 Mar 2021 19:58:11 GMT', '6293', 'Thu, Sep 26 2019 11:31:10 GMT', 'collector-654.tvsquared.com', 94),
(337, 'image/png', 'public, max-age=86400', 'no-cache', 'Sat, 13 Mar 2021 19:58:11 GMT', '6293', 'Thu, Sep 26 2019 11:31:02 GMT', 'collector-654.tvsquared.com', 94),
(338, 'image/png', 'public, max-age=86400', 'no-cache', 'Sat, 13 Mar 2021 19:58:11 GMT', '86151', 'Thu, Sep 26 2019 11:31:02 GMT', 'collector-654.tvsquared.com', 94),
(339, 'image/png', 'public, max-age=86400', 'no-cache', 'Sat, 13 Mar 2021 19:58:11 GMT', '86151', 'Thu, Sep 26 2019 11:31:02 GMT', 'collector-654.tvsquared.com', 94),
(340, 'image/png', 'public, max-age=86400', 'no-cache', 'Sat, 13 Mar 2021 19:58:11 GMT', '86151', 'Thu, Sep 26 2019 11:31:02 GMT', 'collector-654.tvsquared.com', 95),
(341, 'image/png', 'public, max-age=86400', 'no-cache', 'Mon, 01 Jan 1990 00:00:00 GMT', '86151', 'Thu, Sep 26 2019 11:31:02 GMT', 'collector-654.tvsquared.com', 95),
(342, 'image/png', 'public, max-age=86400', 'no-cache', 'Mon, 01 Jan 1990 00:00:00 GMT', '86151', 'Sun, 17 May 1998 03:00:00 GMT', 'collector-654.tvsquared.com', 95),
(343, 'image/gif', 'public, max-age=86400', 'no-cache', 'Mon, 01 Jan 1990 00:00:00 GMT', '86151', 'Sun, 17 May 1998 03:00:00 GMT', 'collector-654.tvsquared.com', 95),
(344, 'image/gif', 'public, max-age=86400', 'no-cache', 'Mon, 01 Jan 1990 00:00:00 GMT', '69193', 'Sun, 17 May 1998 03:00:00 GMT', 'collector-654.tvsquared.com', 95),
(345, 'image/gif', 'no-cache, no-store, must-revalidate', 'no-cache', 'Mon, 01 Jan 1990 00:00:00 GMT', '69193', 'Sun, 17 May 1998 03:00:00 GMT', 'collector-654.tvsquared.com', 95),
(346, 'text/javascript', 'no-cache, no-store, must-revalidate', 'no-cache', 'Mon, 01 Jan 1990 00:00:00 GMT', '69193', 'Sun, 17 May 1998 03:00:00 GMT', 'collector-654.tvsquared.com', 96),
(347, 'text/javascript', 'no-cache, no-store, must-revalidate', 'no-cache', 'Fri, 11 Mar 2022 22:07:13 GMT', '69193', 'Sun, 17 May 1998 03:00:00 GMT', 'collector-654.tvsquared.com', 96),
(348, 'text/javascript', 'no-cache, no-store, must-revalidate', 'no-cache', 'Fri, 11 Mar 2022 22:07:13 GMT', '69193', 'Mon, 08 Mar 2021 20:22:44 GMT', 'collector-654.tvsquared.com', 96),
(349, 'text/javascript', 'public, max-age=31536000', 'no-cache', 'Fri, 11 Mar 2022 22:07:13 GMT', '69193', 'Mon, 08 Mar 2021 20:22:44 GMT', 'collector-654.tvsquared.com', 96),
(350, 'text/javascript', 'public, max-age=31536000', 'no-cache', 'Fri, 11 Mar 2022 22:07:13 GMT', '78660', 'Mon, 08 Mar 2021 20:22:44 GMT', 'collector-654.tvsquared.com', 96),
(351, 'text/javascript', 'public, max-age=31536000', 'no-cache', 'Fri, 11 Mar 2022 22:07:13 GMT', '78660', 'Mon, 08 Mar 2021 20:22:44 GMT', 'collector-654.tvsquared.com', 97),
(352, 'text/javascript', 'public, max-age=31536000', 'no-cache', 'Fri, 11 Mar 2022 22:07:13 GMT', '78660', 'Mon, 08 Mar 2021 20:22:44 GMT', 'collector-654.tvsquared.com', 97),
(353, 'text/javascript', 'public, max-age=31536000', 'no-cache', 'Fri, 11 Mar 2022 22:07:13 GMT', '78660', 'Mon, 08 Mar 2021 20:22:44 GMT', 'collector-654.tvsquared.com', 97),
(354, 'text/javascript', 'public, max-age=31536000', 'no-cache', 'Fri, 11 Mar 2022 22:07:13 GMT', '78660', 'Mon, 08 Mar 2021 20:22:44 GMT', 'collector-654.tvsquared.com', 97),
(355, 'text/javascript', 'public, max-age=31536000', 'no-cache', 'Fri, 11 Mar 2022 22:07:13 GMT', '78660', 'Mon, 08 Mar 2021 20:22:44 GMT', 'collector-654.tvsquared.com', 97),
(356, 'text/javascript; charset=UTF-8', 'public, max-age=31536000', 'no-cache', 'Fri, 11 Mar 2022 22:07:13 GMT', '78660', 'Mon, 08 Mar 2021 20:22:44 GMT', 'collector-654.tvsquared.com', 98),
(357, 'text/javascript; charset=UTF-8', 'public, max-age=31536000', 'no-cache', 'Fri, 11 Mar 2022 22:07:13 GMT', '78660', 'Mon, 08 Mar 2021 20:22:44 GMT', 'collector-654.tvsquared.com', 98),
(358, 'text/javascript; charset=UTF-8', 'public, max-age=31536000', 'no-cache', 'Fri, 01 Jan 1990 00:00:00 GMT', '78660', 'Mon, 08 Mar 2021 20:22:44 GMT', 'collector-654.tvsquared.com', 98),
(359, 'text/javascript; charset=UTF-8', 'no-cache, must-revalidate', 'no-cache', 'Fri, 01 Jan 1990 00:00:00 GMT', '78660', 'Mon, 08 Mar 2021 20:22:44 GMT', 'collector-654.tvsquared.com', 98),
(360, 'application/json; charset=UTF-8', 'no-cache, must-revalidate', 'no-cache', 'Fri, 01 Jan 1990 00:00:00 GMT', '78660', 'Mon, 08 Mar 2021 20:22:44 GMT', 'collector-654.tvsquared.com', 99),
(361, 'application/json; charset=UTF-8', 'private', 'no-cache', 'Fri, 01 Jan 1990 00:00:00 GMT', '78660', 'Mon, 08 Mar 2021 20:22:44 GMT', 'collector-654.tvsquared.com', 99),
(362, 'image/gif', 'private', 'no-cache', 'Fri, 01 Jan 1990 00:00:00 GMT', '78660', 'Mon, 08 Mar 2021 20:22:44 GMT', 'collector-654.tvsquared.com', 100),
(363, 'application/json', 'private', 'no-cache', 'Fri, 01 Jan 1990 00:00:00 GMT', '78660', 'Mon, 08 Mar 2021 20:22:44 GMT', 'bam-cell.nr-data.net', 101),
(364, 'application/json', 'max-age=0, private, must-revalidate', 'no-cache', 'Fri, 01 Jan 1990 00:00:00 GMT', '78660', 'Mon, 08 Mar 2021 20:22:44 GMT', 'bam-cell.nr-data.net', 101),
(365, 'application/octet-stream', 'max-age=0, private, must-revalidate', 'no-cache', 'Fri, 01 Jan 1990 00:00:00 GMT', '78660', 'Mon, 08 Mar 2021 20:22:44 GMT', 'bam-cell.nr-data.net', 102),
(366, 'application/octet-stream', 'max-age=0, private, must-revalidate', 'no-cache', 'Fri, 12 Mar 2021 21:35:46 GMT', '78660', 'Mon, 08 Mar 2021 20:22:44 GMT', 'bam-cell.nr-data.net', 102),
(367, 'application/octet-stream', 'max-age=14400', 'no-cache', 'Fri, 12 Mar 2021 21:35:46 GMT', '78660', 'Mon, 08 Mar 2021 20:22:44 GMT', 'bam-cell.nr-data.net', 102),
(368, 'application/octet-stream', 'max-age=14400, public, must-revalidate, proxy-revalidate', 'no-cache', 'Fri, 12 Mar 2021 21:35:46 GMT', '78660', 'Mon, 08 Mar 2021 20:22:44 GMT', 'bam-cell.nr-data.net', 102),
(369, 'application/octet-stream', 'max-age=14400, public, must-revalidate, proxy-revalidate', 'no-cache', 'Fri, 12 Mar 2021 21:35:46 GMT', '8555', 'Mon, 08 Mar 2021 20:22:44 GMT', 'bam-cell.nr-data.net', 102),
(370, 'application/javascript', 'max-age=14400, public, must-revalidate, proxy-revalidate', 'no-cache', 'Fri, 12 Mar 2021 21:35:46 GMT', '8555', 'Mon, 08 Mar 2021 20:22:44 GMT', 'bam-cell.nr-data.net', 103),
(371, 'application/javascript', 'max-age=14400, public, must-revalidate, proxy-revalidate', 'no-cache', 'Fri, 12 Mar 2021 21:35:46 GMT', '8555', 'Tue, 10 Mar 2020 23:13:51 GMT', 'bam-cell.nr-data.net', 103),
(372, 'application/javascript', 'public, max-age=3600, s-maxage=60', 'no-cache', 'Fri, 12 Mar 2021 21:35:46 GMT', '8555', 'Tue, 10 Mar 2020 23:13:51 GMT', 'bam-cell.nr-data.net', 103),
(373, 'application/javascript', 'public, max-age=3600, s-maxage=60', 'no-cache', 'Fri, 12 Mar 2021 21:35:46 GMT', '4', 'Tue, 10 Mar 2020 23:13:51 GMT', 'bam-cell.nr-data.net', 103),
(374, 'text/html; charset=utf-8', '', '', '', '', '', 'skroutz.gr', 106),
(375, 'text/html; charset=utf-8', 'max-age=0, private, must-revalidate', '', '', '', '', 'skroutz.gr', 106),
(376, 'text/html; charset=utf-8', 'max-age=0, private, must-revalidate', '', '', '0', '', 'skroutz.gr', 106),
(377, 'text/html; charset=utf-8', 'max-age=0, private, must-revalidate', '', '', '0', 'Wed, 28 Oct 2020 02:01:56 GMT', 'skroutz.gr', 107),
(378, 'image/svg+xml', 'max-age=0, private, must-revalidate', '', '', '0', 'Wed, 28 Oct 2020 02:01:56 GMT', 'skroutz.gr', 107),
(379, 'image/svg+xml', 'max-age=0, private, must-revalidate', '', '', '2318914', 'Wed, 28 Oct 2020 02:01:56 GMT', 'skroutz.gr', 107),
(380, 'image/svg+xml', 'max-age=31536000, immutable', '', '', '2318914', 'Wed, 28 Oct 2020 02:01:56 GMT', 'skroutz.gr', 107),
(381, 'application/font-woff2', 'max-age=31536000, immutable', '', '', '2318914', 'Wed, 28 Oct 2020 02:01:56 GMT', 'skroutz.gr', 108),
(382, 'application/font-woff2', 'max-age=31536000, immutable', '', '', '2318914', 'Thu, 04 Mar 2021 11:24:37 GMT', 'skroutz.gr', 108),
(383, 'application/font-woff2', 'max-age=31536000, immutable', '', '', '184690', 'Thu, 04 Mar 2021 11:24:37 GMT', 'skroutz.gr', 108),
(384, 'application/font-woff2', 'max-age=31536000, immutable', '', '', '184690', 'Thu, 04 Mar 2021 11:24:37 GMT', 'skroutz.gr', 108),
(385, 'application/font-woff2', 'max-age=31536000, immutable', '', '', '184690', 'Mon, 23 Nov 2020 12:48:55 GMT', 'skroutz.gr', 109),
(386, 'application/font-woff2', 'max-age=31536000, immutable', '', '', '184690', 'Mon, 23 Nov 2020 12:48:55 GMT', 'skroutz.gr', 109),
(387, 'application/font-woff2', 'max-age=31536000, immutable', '', '', '1020440', 'Mon, 23 Nov 2020 12:48:55 GMT', 'skroutz.gr', 109),
(388, 'application/font-woff2', 'max-age=31536000, immutable', '', '', '1020440', 'Mon, 23 Nov 2020 12:48:55 GMT', 'skroutz.gr', 109),
(389, 'application/font-woff2', 'max-age=31536000, immutable', '', '', '1020440', 'Mon, 23 Nov 2020 12:48:55 GMT', 'skroutz.gr', 110),
(390, 'application/font-woff2', 'max-age=31536000, immutable', '', '', '1020440', 'Mon, 23 Nov 2020 12:48:55 GMT', 'skroutz.gr', 110),
(391, 'application/font-woff2', 'max-age=31536000, immutable', '', '', '1003669', 'Mon, 23 Nov 2020 12:48:55 GMT', 'skroutz.gr', 110),
(392, 'application/font-woff2', 'max-age=31536000, immutable', '', '', '1003669', 'Mon, 23 Nov 2020 12:48:55 GMT', 'skroutz.gr', 110),
(393, 'application/font-woff2', 'max-age=31536000, immutable', '', '', '1003669', 'Mon, 23 Nov 2020 12:48:55 GMT', 'skroutz.gr', 111),
(394, 'application/font-woff2', 'max-age=31536000, immutable', '', '', '1003669', 'Mon, 23 Nov 2020 12:48:55 GMT', 'skroutz.gr', 111),
(395, 'application/font-woff2', 'max-age=31536000, immutable', '', '', '1034764', 'Mon, 23 Nov 2020 12:48:55 GMT', 'skroutz.gr', 111),
(396, 'application/font-woff2', 'max-age=31536000, immutable', '', '', '1034764', 'Mon, 23 Nov 2020 12:48:55 GMT', 'skroutz.gr', 111),
(397, 'application/javascript', 'max-age=31536000, immutable', '', '', '1034764', 'Mon, 23 Nov 2020 12:48:55 GMT', 'skroutz.gr', 112),
(398, 'application/javascript', 'max-age=31536000, immutable', '', '', '1034764', 'Sat, 06 Mar 2021 14:56:07 GMT', 'skroutz.gr', 112),
(399, 'application/javascript', 'max-age=31536000, immutable', '', '', '660', 'Sat, 06 Mar 2021 14:56:07 GMT', 'skroutz.gr', 112),
(400, 'application/javascript', 'max-age=31536000, immutable', '', '', '660', 'Sat, 06 Mar 2021 14:56:07 GMT', 'skroutz.gr', 112),
(401, 'text/css', 'max-age=31536000, immutable', '', '', '660', 'Sat, 06 Mar 2021 14:56:07 GMT', 'skroutz.gr', 113),
(402, 'text/css', 'max-age=31536000, immutable', '', '', '660', 'Thu, 04 Mar 2021 11:43:32 GMT', 'skroutz.gr', 113),
(403, 'text/css', 'max-age=31536000, immutable', '', '', '184688', 'Thu, 04 Mar 2021 11:43:32 GMT', 'skroutz.gr', 113),
(404, 'text/css', 'max-age=31536000, immutable', '', '', '184688', 'Thu, 04 Mar 2021 11:43:32 GMT', 'skroutz.gr', 113),
(405, 'text/css', 'max-age=31536000, immutable', '', '', '184688', 'Thu, 04 Mar 2021 11:43:32 GMT', 'skroutz.gr', 114),
(406, 'text/css', 'max-age=31536000, immutable', '', '', '184688', 'Thu, 04 Mar 2021 11:59:41 GMT', 'skroutz.gr', 114),
(407, 'text/css', 'max-age=31536000, immutable', '', '', '183305', 'Thu, 04 Mar 2021 11:59:41 GMT', 'skroutz.gr', 114),
(408, 'text/css', 'max-age=31536000, immutable', '', '', '183305', 'Thu, 04 Mar 2021 11:59:41 GMT', 'skroutz.gr', 114),
(409, 'text/css', 'max-age=31536000, immutable', '', '', '183305', 'Thu, 04 Mar 2021 11:59:41 GMT', 'skroutz.gr', 115),
(410, 'text/css', 'max-age=31536000, immutable', '', '', '183305', 'Thu, 04 Mar 2021 11:59:41 GMT', 'skroutz.gr', 115),
(411, 'text/css', 'max-age=31536000, immutable', '', '', '183305', 'Thu, 04 Mar 2021 11:59:41 GMT', 'skroutz.gr', 115),
(412, 'text/css', 'max-age=31536000, immutable', '', '', '183305', 'Thu, 04 Mar 2021 11:59:41 GMT', 'skroutz.gr', 115),
(413, 'application/javascript', 'max-age=31536000, immutable', '', '', '183305', 'Thu, 04 Mar 2021 11:59:41 GMT', 'skroutz.gr', 116),
(414, 'application/javascript', 'max-age=31536000, immutable', '', '', '183305', 'Fri, 05 Mar 2021 09:00:34 GMT', 'skroutz.gr', 116),
(415, 'application/javascript', 'max-age=31536000, immutable', '', '', '108100', 'Fri, 05 Mar 2021 09:00:34 GMT', 'skroutz.gr', 116),
(416, 'application/javascript', 'max-age=31536000, immutable', '', '', '108100', 'Fri, 05 Mar 2021 09:00:34 GMT', 'skroutz.gr', 116),
(417, 'application/javascript', 'max-age=31536000, immutable', '', '', '108100', 'Thu, 22 Oct 2020 09:36:15 GMT', 'skroutz.gr', 117),
(418, 'image/png', 'max-age=31536000, immutable', '', '', '108100', 'Thu, 22 Oct 2020 09:36:15 GMT', 'skroutz.gr', 117),
(419, 'image/png', 'max-age=31536000, immutable', '', '', '2278099', 'Thu, 22 Oct 2020 09:36:15 GMT', 'skroutz.gr', 117),
(420, 'image/png', 'max-age=31536000, immutable', '', '', '2278099', 'Thu, 22 Oct 2020 09:36:15 GMT', 'skroutz.gr', 117),
(421, 'application/javascript', 'max-age=31536000, immutable', '', '', '2278099', 'Thu, 22 Oct 2020 09:36:15 GMT', 'skroutz.gr', 118),
(422, 'application/javascript', 'max-age=31536000, immutable', '', '', '2278099', 'Fri, 05 Mar 2021 09:00:34 GMT', 'skroutz.gr', 118),
(423, 'application/javascript', 'max-age=31536000, immutable', '', '', '108100', 'Fri, 05 Mar 2021 09:00:34 GMT', 'skroutz.gr', 118),
(424, 'application/javascript', 'max-age=31536000, immutable', '', '', '108100', 'Fri, 05 Mar 2021 09:00:34 GMT', 'skroutz.gr', 118),
(425, 'application/javascript', 'max-age=31536000, immutable', '', 'Sat, 06 Mar 2021 16:03:18 GMT', '108100', 'Fri, 05 Mar 2021 09:00:34 GMT', 'skroutz.gr', 119),
(426, 'application/javascript', 'public, max-age=7200', '', 'Sat, 06 Mar 2021 16:03:18 GMT', '108100', 'Fri, 05 Mar 2021 09:00:34 GMT', 'skroutz.gr', 119),
(427, 'application/javascript', 'public, max-age=7200', '', 'Sat, 06 Mar 2021 16:03:18 GMT', '1752', 'Fri, 05 Mar 2021 09:00:34 GMT', 'skroutz.gr', 119),
(428, 'application/javascript', 'public, max-age=7200', '', 'Sat, 06 Mar 2021 16:03:18 GMT', '1752', 'Fri, 05 Feb 2021 21:33:27 GMT', 'skroutz.gr', 119),
(429, 'text/javascript', 'public, max-age=7200', '', 'Sat, 06 Mar 2021 16:03:18 GMT', '1752', 'Fri, 05 Feb 2021 21:33:27 GMT', 'skroutz.gr', 119),
(430, 'application/javascript', 'public, max-age=7200', '', 'Sat, 06 Mar 2021 16:03:18 GMT', '1752', 'Fri, 05 Feb 2021 21:33:27 GMT', 'skroutz.gr', 120),
(431, 'application/javascript', 'max-age=60', '', 'Sat, 06 Mar 2021 16:03:18 GMT', '1752', 'Fri, 05 Feb 2021 21:33:27 GMT', 'skroutz.gr', 120),
(432, 'application/javascript', 'max-age=60', '', 'Sat, 06 Mar 2021 16:03:18 GMT', '36', 'Fri, 05 Feb 2021 21:33:27 GMT', 'skroutz.gr', 120),
(433, 'application/javascript', 'max-age=60', '', 'Sat, 06 Mar 2021 16:03:18 GMT', '36', 'Mon, 01 Mar 2021 12:31:37 GMT', 'skroutz.gr', 121),
(434, 'image/jpeg', 'max-age=60', '', 'Sat, 06 Mar 2021 16:03:18 GMT', '36', 'Mon, 01 Mar 2021 12:31:37 GMT', 'skroutz.gr', 121),
(435, 'image/jpeg', 'max-age=60', '', 'Sat, 06 Mar 2021 16:03:18 GMT', '285355', 'Mon, 01 Mar 2021 12:31:37 GMT', 'skroutz.gr', 121),
(436, 'image/jpeg', 'max-age=31536000', '', 'Sat, 06 Mar 2021 16:03:18 GMT', '285355', 'Mon, 01 Mar 2021 12:31:37 GMT', 'skroutz.gr', 121),
(437, 'image/jpeg', 'max-age=31536000', '', 'Sat, 06 Mar 2021 16:03:18 GMT', '285355', 'Mon, 01 Mar 2021 12:31:36 GMT', 'skroutz.gr', 122),
(438, 'image/png', 'max-age=31536000', '', 'Sat, 06 Mar 2021 16:03:18 GMT', '285355', 'Mon, 01 Mar 2021 12:31:36 GMT', 'skroutz.gr', 122),
(439, 'image/png', 'max-age=31536000', '', 'Sat, 06 Mar 2021 16:03:18 GMT', '285204', 'Mon, 01 Mar 2021 12:31:36 GMT', 'skroutz.gr', 122),
(440, 'image/png', 'max-age=31536000', '', 'Sat, 06 Mar 2021 16:03:18 GMT', '285204', 'Mon, 01 Mar 2021 12:31:36 GMT', 'skroutz.gr', 122),
(441, 'image/png', 'max-age=31536000', '', 'Sat, 06 Mar 2021 16:03:18 GMT', '285204', 'Mon, 01 Mar 2021 12:31:38 GMT', 'skroutz.gr', 123),
(442, 'image/png', 'max-age=31536000', '', 'Sat, 06 Mar 2021 16:03:18 GMT', '285204', 'Mon, 01 Mar 2021 12:31:38 GMT', 'skroutz.gr', 123),
(443, 'image/png', 'max-age=31536000', '', 'Sat, 06 Mar 2021 16:03:18 GMT', '285203', 'Mon, 01 Mar 2021 12:31:38 GMT', 'skroutz.gr', 123),
(444, 'image/png', 'max-age=31536000', '', 'Sat, 06 Mar 2021 16:03:18 GMT', '285203', 'Mon, 01 Mar 2021 12:31:38 GMT', 'skroutz.gr', 123),
(445, 'image/png', 'max-age=31536000', '', 'Sat, 06 Mar 2021 16:03:18 GMT', '285203', 'Mon, 01 Mar 2021 12:31:49 GMT', 'skroutz.gr', 124),
(446, 'image/jpeg', 'max-age=31536000', '', 'Sat, 06 Mar 2021 16:03:18 GMT', '285203', 'Mon, 01 Mar 2021 12:31:49 GMT', 'skroutz.gr', 124),
(447, 'image/jpeg', 'max-age=31536000', '', 'Sat, 06 Mar 2021 16:03:18 GMT', '285355', 'Mon, 01 Mar 2021 12:31:49 GMT', 'skroutz.gr', 124),
(448, 'image/jpeg', 'max-age=31536000', '', 'Sat, 06 Mar 2021 16:03:18 GMT', '285355', 'Mon, 01 Mar 2021 12:31:49 GMT', 'skroutz.gr', 124),
(449, 'image/jpeg', 'max-age=31536000', '', 'Sat, 06 Mar 2021 16:03:18 GMT', '285355', 'Mon, 01 Mar 2021 12:31:50 GMT', 'skroutz.gr', 125),
(450, 'image/png', 'max-age=31536000', '', 'Sat, 06 Mar 2021 16:03:18 GMT', '285355', 'Mon, 01 Mar 2021 12:31:50 GMT', 'skroutz.gr', 125),
(451, 'image/png', 'max-age=31536000', '', 'Sat, 06 Mar 2021 16:03:18 GMT', '285355', 'Mon, 01 Mar 2021 12:31:50 GMT', 'skroutz.gr', 125),
(452, 'image/png', 'max-age=31536000', '', 'Sat, 06 Mar 2021 16:03:18 GMT', '285355', 'Mon, 01 Mar 2021 12:31:50 GMT', 'skroutz.gr', 125),
(453, 'image/png', 'max-age=31536000', '', 'Sat, 06 Mar 2021 16:03:18 GMT', '285355', 'Mon, 01 Mar 2021 12:32:02 GMT', 'skroutz.gr', 126),
(454, 'image/jpeg', 'max-age=31536000', '', 'Sat, 06 Mar 2021 16:03:18 GMT', '285355', 'Mon, 01 Mar 2021 12:32:02 GMT', 'skroutz.gr', 126),
(455, 'image/jpeg', 'max-age=31536000', '', 'Sat, 06 Mar 2021 16:03:18 GMT', '285355', 'Mon, 01 Mar 2021 12:32:02 GMT', 'skroutz.gr', 126),
(456, 'image/jpeg', 'max-age=31536000', '', 'Sat, 06 Mar 2021 16:03:18 GMT', '285355', 'Mon, 01 Mar 2021 12:32:02 GMT', 'skroutz.gr', 126),
(457, 'image/jpeg', 'max-age=31536000', '', 'Sat, 06 Mar 2021 16:03:18 GMT', '285355', 'Mon, 01 Mar 2021 12:32:03 GMT', 'skroutz.gr', 127),
(458, 'image/png', 'max-age=31536000', '', 'Sat, 06 Mar 2021 16:03:18 GMT', '285355', 'Mon, 01 Mar 2021 12:32:03 GMT', 'skroutz.gr', 127),
(459, 'image/png', 'max-age=31536000', '', 'Sat, 06 Mar 2021 16:03:18 GMT', '285203', 'Mon, 01 Mar 2021 12:32:03 GMT', 'skroutz.gr', 127),
(460, 'image/png', 'max-age=31536000', '', 'Sat, 06 Mar 2021 16:03:18 GMT', '285203', 'Mon, 01 Mar 2021 12:32:03 GMT', 'skroutz.gr', 127),
(461, 'image/png', 'max-age=31536000', '', 'Sat, 06 Mar 2021 16:03:18 GMT', '285203', 'Mon, 01 Mar 2021 10:12:11 GMT', 'skroutz.gr', 128),
(462, 'image/png', 'max-age=31536000', '', 'Sat, 06 Mar 2021 16:03:18 GMT', '285203', 'Mon, 01 Mar 2021 10:12:11 GMT', 'skroutz.gr', 128),
(463, 'image/png', 'max-age=31536000', '', 'Sat, 06 Mar 2021 16:03:18 GMT', '285203', 'Mon, 01 Mar 2021 10:12:11 GMT', 'skroutz.gr', 128),
(464, 'image/png', 'max-age=31536000', '', 'Sat, 06 Mar 2021 16:03:18 GMT', '285203', 'Mon, 01 Mar 2021 10:12:11 GMT', 'skroutz.gr', 128),
(465, 'image/gif', 'max-age=31536000', '', 'Sat, 06 Mar 2021 16:03:18 GMT', '285203', 'Mon, 01 Mar 2021 10:12:11 GMT', 'skroutz.gr', 129),
(466, 'image/gif', 'no-cache', '', 'Sat, 06 Mar 2021 16:03:18 GMT', '285203', 'Mon, 01 Mar 2021 10:12:11 GMT', 'skroutz.gr', 129),
(467, 'image/gif', 'no-cache', '', 'Sat, 06 Mar 2021 16:03:18 GMT', '0', 'Mon, 01 Mar 2021 10:12:11 GMT', 'skroutz.gr', 129),
(468, 'image/gif', 'no-cache', '', 'Sat, 06 Mar 2021 16:03:18 GMT', '0', 'Tue, 17 Nov 2020 15:42:05 GMT', 'skroutz.gr', 130),
(469, 'image/png', 'no-cache', '', 'Sat, 06 Mar 2021 16:03:18 GMT', '0', 'Tue, 17 Nov 2020 15:42:05 GMT', 'skroutz.gr', 130),
(470, 'image/png', 'no-cache', '', 'Sat, 06 Mar 2021 16:03:18 GMT', '1962154', 'Tue, 17 Nov 2020 15:42:05 GMT', 'skroutz.gr', 130),
(471, 'image/png', 'max-age=31536000, immutable', '', 'Sat, 06 Mar 2021 16:03:18 GMT', '1962154', 'Tue, 17 Nov 2020 15:42:05 GMT', 'skroutz.gr', 130),
(472, 'image/png', 'max-age=31536000, immutable', '', 'Sat, 06 Mar 2021 16:03:18 GMT', '1962154', 'Tue, 17 Nov 2020 15:42:05 GMT', 'skroutz.gr', 131),
(473, 'image/png', 'max-age=31536000, immutable', '', 'Sat, 06 Mar 2021 16:03:18 GMT', '1962154', 'Tue, 17 Nov 2020 15:42:05 GMT', 'skroutz.gr', 131),
(474, 'image/png', 'max-age=31536000, immutable', '', 'Sat, 06 Mar 2021 16:03:18 GMT', '1996205', 'Tue, 17 Nov 2020 15:42:05 GMT', 'skroutz.gr', 131),
(475, 'image/png', 'max-age=31536000, immutable', '', 'Sat, 06 Mar 2021 16:03:18 GMT', '1996205', 'Tue, 17 Nov 2020 15:42:05 GMT', 'skroutz.gr', 131),
(476, 'image/png', 'max-age=31536000, immutable', '', 'Sat, 06 Mar 2021 16:03:18 GMT', '1996205', 'Tue, 17 Nov 2020 15:42:05 GMT', 'skroutz.gr', 132),
(477, 'image/png', 'max-age=31536000, immutable', '', 'Sat, 06 Mar 2021 16:03:18 GMT', '1996205', 'Tue, 17 Nov 2020 15:42:05 GMT', 'skroutz.gr', 132),
(478, 'image/png', 'max-age=31536000, immutable', '', 'Sat, 06 Mar 2021 16:03:18 GMT', '1987974', 'Tue, 17 Nov 2020 15:42:05 GMT', 'skroutz.gr', 132),
(479, 'image/png', 'max-age=31536000, immutable', '', 'Sat, 06 Mar 2021 16:03:18 GMT', '1987974', 'Tue, 17 Nov 2020 15:42:05 GMT', 'skroutz.gr', 132),
(480, 'image/png', 'max-age=31536000, immutable', '', 'Sat, 06 Mar 2021 16:03:18 GMT', '1987974', 'Tue, 17 Nov 2020 15:42:05 GMT', 'skroutz.gr', 133),
(481, 'image/png', 'max-age=31536000, immutable', '', 'Sat, 06 Mar 2021 16:03:18 GMT', '1987974', 'Tue, 17 Nov 2020 15:42:05 GMT', 'skroutz.gr', 133),
(482, 'image/png', 'max-age=31536000, immutable', '', 'Sat, 06 Mar 2021 16:03:18 GMT', '2005964', 'Tue, 17 Nov 2020 15:42:05 GMT', 'skroutz.gr', 133),
(483, 'image/png', 'max-age=31536000, immutable', '', 'Sat, 06 Mar 2021 16:03:18 GMT', '2005964', 'Tue, 17 Nov 2020 15:42:05 GMT', 'skroutz.gr', 133),
(484, 'image/png', 'max-age=31536000, immutable', '', 'Sat, 06 Mar 2021 16:03:18 GMT', '2005964', 'Tue, 17 Nov 2020 15:42:05 GMT', 'skroutz.gr', 134),
(485, 'image/png', 'max-age=31536000, immutable', '', 'Sat, 06 Mar 2021 16:03:18 GMT', '2005964', 'Tue, 17 Nov 2020 15:42:05 GMT', 'skroutz.gr', 134),
(486, 'image/png', 'max-age=31536000, immutable', '', 'Sat, 06 Mar 2021 16:03:18 GMT', '2012109', 'Tue, 17 Nov 2020 15:42:05 GMT', 'skroutz.gr', 134),
(487, 'image/png', 'max-age=31536000, immutable', '', 'Sat, 06 Mar 2021 16:03:18 GMT', '2012109', 'Tue, 17 Nov 2020 15:42:05 GMT', 'skroutz.gr', 134),
(488, 'image/png', 'max-age=31536000, immutable', '', 'Sat, 06 Mar 2021 16:03:18 GMT', '2012109', 'Tue, 17 Nov 2020 15:42:05 GMT', 'skroutz.gr', 135),
(489, 'image/png', 'max-age=31536000, immutable', '', 'Sat, 06 Mar 2021 16:03:18 GMT', '2012109', 'Tue, 17 Nov 2020 15:42:05 GMT', 'skroutz.gr', 135),
(490, 'image/png', 'max-age=31536000, immutable', '', 'Sat, 06 Mar 2021 16:03:18 GMT', '1943624', 'Tue, 17 Nov 2020 15:42:05 GMT', 'skroutz.gr', 135),
(491, 'image/png', 'max-age=31536000, immutable', '', 'Sat, 06 Mar 2021 16:03:18 GMT', '1943624', 'Tue, 17 Nov 2020 15:42:05 GMT', 'skroutz.gr', 135),
(492, 'image/png', 'max-age=31536000, immutable', '', 'Sat, 06 Mar 2021 16:03:18 GMT', '1943624', 'Tue, 17 Nov 2020 15:42:05 GMT', 'skroutz.gr', 136),
(493, 'image/png', 'max-age=31536000, immutable', '', 'Sat, 06 Mar 2021 16:03:18 GMT', '1943624', 'Tue, 17 Nov 2020 15:42:05 GMT', 'skroutz.gr', 136),
(494, 'image/png', 'max-age=31536000, immutable', '', 'Sat, 06 Mar 2021 16:03:18 GMT', '1984980', 'Tue, 17 Nov 2020 15:42:05 GMT', 'skroutz.gr', 136),
(495, 'image/png', 'max-age=31536000, immutable', '', 'Sat, 06 Mar 2021 16:03:18 GMT', '1984980', 'Tue, 17 Nov 2020 15:42:05 GMT', 'skroutz.gr', 136),
(496, 'image/png', 'max-age=31536000, immutable', '', 'Sat, 06 Mar 2021 16:03:18 GMT', '1984980', 'Tue, 17 Nov 2020 15:42:05 GMT', 'skroutz.gr', 137),
(497, 'image/png', 'max-age=31536000, immutable', '', 'Sat, 06 Mar 2021 16:03:18 GMT', '1984980', 'Tue, 17 Nov 2020 15:42:05 GMT', 'skroutz.gr', 137),
(498, 'image/png', 'max-age=31536000, immutable', '', 'Sat, 06 Mar 2021 16:03:18 GMT', '2022886', 'Tue, 17 Nov 2020 15:42:05 GMT', 'skroutz.gr', 137),
(499, 'image/png', 'max-age=31536000, immutable', '', 'Sat, 06 Mar 2021 16:03:18 GMT', '2022886', 'Tue, 17 Nov 2020 15:42:05 GMT', 'skroutz.gr', 137),
(500, 'image/png', 'max-age=31536000, immutable', '', 'Sat, 06 Mar 2021 16:03:18 GMT', '2022886', 'Mon, 16 Nov 2020 15:33:57 GMT', 'skroutz.gr', 138),
(501, 'image/png', 'max-age=31536000, immutable', '', 'Sat, 06 Mar 2021 16:03:18 GMT', '2022886', 'Mon, 16 Nov 2020 15:33:57 GMT', 'skroutz.gr', 138),
(502, 'image/png', 'max-age=31536000, immutable', '', 'Sat, 06 Mar 2021 16:03:18 GMT', '2244244', 'Mon, 16 Nov 2020 15:33:57 GMT', 'skroutz.gr', 138),
(503, 'image/png', 'max-age=31536000, immutable', '', 'Sat, 06 Mar 2021 16:03:18 GMT', '2244244', 'Mon, 16 Nov 2020 15:33:57 GMT', 'skroutz.gr', 138),
(504, 'image/png', 'max-age=31536000, immutable', '', 'Sat, 06 Mar 2021 16:03:18 GMT', '2244244', 'Tue, 23 Feb 2021 10:11:43 GMT', 'skroutz.gr', 139),
(505, 'image/jpeg', 'max-age=31536000, immutable', '', 'Sat, 06 Mar 2021 16:03:18 GMT', '2244244', 'Tue, 23 Feb 2021 10:11:43 GMT', 'skroutz.gr', 139),
(506, 'image/jpeg', 'max-age=31536000, immutable', '', 'Sat, 06 Mar 2021 16:03:18 GMT', '455345', 'Tue, 23 Feb 2021 10:11:43 GMT', 'skroutz.gr', 139),
(507, 'image/jpeg', 'max-age=31536000', '', 'Sat, 06 Mar 2021 16:03:18 GMT', '455345', 'Tue, 23 Feb 2021 10:11:43 GMT', 'skroutz.gr', 139),
(508, 'image/jpeg', 'max-age=31536000', '', 'Sat, 06 Mar 2021 16:03:18 GMT', '455345', 'Tue, 23 Feb 2021 10:11:44 GMT', 'skroutz.gr', 140),
(509, 'image/png', 'max-age=31536000', '', 'Sat, 06 Mar 2021 16:03:18 GMT', '455345', 'Tue, 23 Feb 2021 10:11:44 GMT', 'skroutz.gr', 140),
(510, 'image/png', 'max-age=31536000', '', 'Sat, 06 Mar 2021 16:03:18 GMT', '458346', 'Tue, 23 Feb 2021 10:11:44 GMT', 'skroutz.gr', 140),
(511, 'image/png', 'max-age=31536000', '', 'Sat, 06 Mar 2021 16:03:18 GMT', '458346', 'Tue, 23 Feb 2021 10:11:44 GMT', 'skroutz.gr', 140),
(512, 'image/png', 'max-age=31536000', '', 'Sat, 06 Mar 2021 16:03:18 GMT', '458346', 'Tue, 23 Feb 2021 10:11:29 GMT', 'skroutz.gr', 141),
(513, 'image/jpeg', 'max-age=31536000', '', 'Sat, 06 Mar 2021 16:03:18 GMT', '458346', 'Tue, 23 Feb 2021 10:11:29 GMT', 'skroutz.gr', 141),
(514, 'image/jpeg', 'max-age=31536000', '', 'Sat, 06 Mar 2021 16:03:18 GMT', '458346', 'Tue, 23 Feb 2021 10:11:29 GMT', 'skroutz.gr', 141),
(515, 'image/jpeg', 'max-age=31536000', '', 'Sat, 06 Mar 2021 16:03:18 GMT', '458346', 'Tue, 23 Feb 2021 10:11:29 GMT', 'skroutz.gr', 141),
(516, 'image/jpeg', 'max-age=31536000', '', 'Sat, 06 Mar 2021 16:03:18 GMT', '458346', 'Tue, 23 Feb 2021 10:11:30 GMT', 'skroutz.gr', 142),
(517, 'image/png', 'max-age=31536000', '', 'Sat, 06 Mar 2021 16:03:18 GMT', '458346', 'Tue, 23 Feb 2021 10:11:30 GMT', 'skroutz.gr', 142),
(518, 'image/png', 'max-age=31536000', '', 'Sat, 06 Mar 2021 16:03:18 GMT', '455345', 'Tue, 23 Feb 2021 10:11:30 GMT', 'skroutz.gr', 142),
(519, 'image/png', 'max-age=31536000', '', 'Sat, 06 Mar 2021 16:03:18 GMT', '455345', 'Tue, 23 Feb 2021 10:11:30 GMT', 'skroutz.gr', 142),
(520, 'image/gif', 'max-age=31536000', '', 'Sat, 06 Mar 2021 16:03:18 GMT', '455345', 'Tue, 23 Feb 2021 10:11:30 GMT', 'skroutz.gr', 143),
(521, 'image/gif', 'no-cache', '', 'Sat, 06 Mar 2021 16:03:18 GMT', '455345', 'Tue, 23 Feb 2021 10:11:30 GMT', 'skroutz.gr', 143),
(522, 'image/gif', 'no-cache', '', 'Sat, 06 Mar 2021 16:03:18 GMT', '0', 'Tue, 23 Feb 2021 10:11:30 GMT', 'skroutz.gr', 143),
(523, 'image/gif', 'no-cache', '', 'Sat, 06 Mar 2021 16:03:18 GMT', '0', 'Wed, 28 Oct 2020 02:01:56 GMT', 'skroutz.gr', 144),
(524, 'image/png', 'no-cache', '', 'Sat, 06 Mar 2021 16:03:18 GMT', '0', 'Wed, 28 Oct 2020 02:01:56 GMT', 'skroutz.gr', 144),
(525, 'image/png', 'no-cache', '', 'Sat, 06 Mar 2021 16:03:18 GMT', '2341513', 'Wed, 28 Oct 2020 02:01:56 GMT', 'skroutz.gr', 144),
(526, 'image/png', 'max-age=31536000, immutable', '', 'Sat, 06 Mar 2021 16:03:18 GMT', '2341513', 'Wed, 28 Oct 2020 02:01:56 GMT', 'skroutz.gr', 144),
(527, 'image/png', 'max-age=31536000, immutable', '', 'Sat, 06 Mar 2021 16:03:18 GMT', '2341513', 'Fri, 06 Nov 2020 12:54:26 GMT', 'skroutz.gr', 145),
(528, 'image/jpeg', 'max-age=31536000, immutable', '', 'Sat, 06 Mar 2021 16:03:18 GMT', '2341513', 'Fri, 06 Nov 2020 12:54:26 GMT', 'skroutz.gr', 145),
(529, 'image/jpeg', 'max-age=31536000, immutable', '', 'Sat, 06 Mar 2021 16:03:18 GMT', '2316423', 'Fri, 06 Nov 2020 12:54:26 GMT', 'skroutz.gr', 145),
(530, 'image/jpeg', 'max-age=31536000', '', 'Sat, 06 Mar 2021 16:03:18 GMT', '2316423', 'Fri, 06 Nov 2020 12:54:26 GMT', 'skroutz.gr', 145),
(531, 'image/jpeg', 'max-age=31536000', '', 'Sat, 06 Mar 2021 16:03:18 GMT', '2316423', 'Thu, 23 May 2019 13:41:16 GMT', 'skroutz.gr', 146),
(532, 'image/jpeg', 'max-age=31536000', '', 'Sat, 06 Mar 2021 16:03:18 GMT', '2316423', 'Thu, 23 May 2019 13:41:16 GMT', 'skroutz.gr', 146),
(533, 'image/jpeg', 'max-age=31536000', '', 'Sat, 06 Mar 2021 16:03:18 GMT', '2317282', 'Thu, 23 May 2019 13:41:16 GMT', 'skroutz.gr', 146),
(534, 'image/jpeg', 'max-age=31536000', '', 'Sat, 06 Mar 2021 16:03:18 GMT', '2317282', 'Thu, 23 May 2019 13:41:16 GMT', 'skroutz.gr', 146),
(535, 'image/gif', 'max-age=31536000', '', 'Sat, 06 Mar 2021 16:03:18 GMT', '2317282', 'Thu, 23 May 2019 13:41:16 GMT', 'skroutz.gr', 147),
(536, 'image/gif', 'no-cache', '', 'Sat, 06 Mar 2021 16:03:18 GMT', '2317282', 'Thu, 23 May 2019 13:41:16 GMT', 'skroutz.gr', 147),
(537, 'image/gif', 'no-cache', '', 'Sat, 06 Mar 2021 16:03:18 GMT', '0', 'Thu, 23 May 2019 13:41:16 GMT', 'skroutz.gr', 147),
(538, 'image/gif', 'no-cache', '', 'Sat, 06 Mar 2021 16:03:18 GMT', '0', 'Mon, 30 Sep 2019 08:03:22 GMT', 'skroutz.gr', 148),
(539, 'image/jpeg', 'no-cache', '', 'Sat, 06 Mar 2021 16:03:18 GMT', '0', 'Mon, 30 Sep 2019 08:03:22 GMT', 'skroutz.gr', 148),
(540, 'image/jpeg', 'no-cache', '', 'Sat, 06 Mar 2021 16:03:18 GMT', '202334', 'Mon, 30 Sep 2019 08:03:22 GMT', 'skroutz.gr', 148),
(541, 'image/jpeg', 'max-age=31536000', '', 'Sat, 06 Mar 2021 16:03:18 GMT', '202334', 'Mon, 30 Sep 2019 08:03:22 GMT', 'skroutz.gr', 148),
(542, 'image/jpeg', 'max-age=31536000', '', 'Sat, 06 Mar 2021 16:03:18 GMT', '202334', 'Mon, 09 Nov 2020 08:50:34 GMT', 'skroutz.gr', 149),
(543, 'image/jpeg', 'max-age=31536000', '', 'Sat, 06 Mar 2021 16:03:18 GMT', '202334', 'Mon, 09 Nov 2020 08:50:34 GMT', 'skroutz.gr', 149),
(544, 'image/jpeg', 'max-age=31536000', '', 'Sat, 06 Mar 2021 16:03:18 GMT', '204851', 'Mon, 09 Nov 2020 08:50:34 GMT', 'skroutz.gr', 149),
(545, 'image/jpeg', 'max-age=31536000', '', 'Sat, 06 Mar 2021 16:03:18 GMT', '204851', 'Mon, 09 Nov 2020 08:50:34 GMT', 'skroutz.gr', 149),
(546, 'image/jpeg', 'max-age=31536000', '', 'Sat, 06 Mar 2021 16:03:18 GMT', '204851', 'Wed, 14 Oct 2020 07:55:44 GMT', 'skroutz.gr', 150),
(547, 'image/jpeg', 'max-age=31536000', '', 'Sat, 06 Mar 2021 16:03:18 GMT', '204851', 'Wed, 14 Oct 2020 07:55:44 GMT', 'skroutz.gr', 150),
(548, 'image/jpeg', 'max-age=31536000', '', 'Sat, 06 Mar 2021 16:03:18 GMT', '1857592', 'Wed, 14 Oct 2020 07:55:44 GMT', 'skroutz.gr', 150),
(549, 'image/jpeg', 'max-age=31536000', '', 'Sat, 06 Mar 2021 16:03:18 GMT', '1857592', 'Wed, 14 Oct 2020 07:55:44 GMT', 'skroutz.gr', 150),
(550, 'image/jpeg', 'max-age=31536000', '', 'Sat, 06 Mar 2021 16:03:18 GMT', '1857592', 'Wed, 10 Feb 2021 08:58:20 GMT', 'skroutz.gr', 151),
(551, 'image/jpeg', 'max-age=31536000', '', 'Sat, 06 Mar 2021 16:03:18 GMT', '1857592', 'Wed, 10 Feb 2021 08:58:20 GMT', 'skroutz.gr', 151),
(552, 'image/jpeg', 'max-age=31536000', '', 'Sat, 06 Mar 2021 16:03:18 GMT', '635181', 'Wed, 10 Feb 2021 08:58:20 GMT', 'skroutz.gr', 151),
(553, 'image/jpeg', 'max-age=31536000', '', 'Sat, 06 Mar 2021 16:03:18 GMT', '635181', 'Wed, 10 Feb 2021 08:58:20 GMT', 'skroutz.gr', 151),
(554, 'application/javascript', 'max-age=31536000', '', 'Sat, 06 Mar 2021 16:03:18 GMT', '635181', 'Wed, 10 Feb 2021 08:58:20 GMT', 'skroutz.gr', 152),
(555, 'application/javascript', 'max-age=31536000', '', 'Sat, 06 Mar 2021 16:03:18 GMT', '635181', 'Thu, 04 Mar 2021 12:05:58 GMT', 'skroutz.gr', 152),
(556, 'application/javascript', 'max-age=31536000', '', 'Sat, 06 Mar 2021 16:03:18 GMT', '183306', 'Thu, 04 Mar 2021 12:05:58 GMT', 'skroutz.gr', 152),
(557, 'application/javascript', 'max-age=31536000, immutable', '', 'Sat, 06 Mar 2021 16:03:18 GMT', '183306', 'Thu, 04 Mar 2021 12:05:58 GMT', 'skroutz.gr', 152),
(558, 'application/javascript', 'max-age=31536000, immutable', '', 'Sat, 06 Mar 2021 16:03:18 GMT', '183306', 'Thu, 04 Mar 2021 12:05:58 GMT', 'skroutz.gr', 153),
(559, 'application/javascript', 'max-age=31536000, immutable', '', 'Sat, 06 Mar 2021 16:03:18 GMT', '183306', 'Fri, 05 Mar 2021 09:47:55 GMT', 'skroutz.gr', 153),
(560, 'application/javascript', 'max-age=31536000, immutable', '', 'Sat, 06 Mar 2021 16:03:18 GMT', '105155', 'Fri, 05 Mar 2021 09:47:55 GMT', 'skroutz.gr', 153),
(561, 'application/javascript', 'max-age=31536000, immutable', '', 'Sat, 06 Mar 2021 16:03:18 GMT', '105155', 'Fri, 05 Mar 2021 09:47:55 GMT', 'skroutz.gr', 153),
(562, 'application/json; charset=utf-8', 'max-age=31536000, immutable', '', 'Sat, 06 Mar 2021 16:03:18 GMT', '105155', 'Fri, 05 Mar 2021 09:47:55 GMT', 'skroutz.gr', 154),
(563, 'application/json; charset=utf-8', 'max-age=0, private, must-revalidate', '', 'Sat, 06 Mar 2021 16:03:18 GMT', '105155', 'Fri, 05 Mar 2021 09:47:55 GMT', 'skroutz.gr', 154),
(564, 'application/json; charset=utf-8', 'max-age=0, private, must-revalidate', '', 'Sat, 06 Mar 2021 16:03:18 GMT', '0', 'Fri, 05 Mar 2021 09:47:55 GMT', 'skroutz.gr', 154),
(565, 'image/gif', 'max-age=0, private, must-revalidate', '', 'Sat, 06 Mar 2021 16:03:18 GMT', '0', 'Fri, 05 Mar 2021 09:47:55 GMT', 'skroutz.gr', 155),
(566, 'application/javascript', 'max-age=0, private, must-revalidate', '', 'Sat, 06 Mar 2021 16:03:18 GMT', '0', 'Fri, 05 Mar 2021 09:47:55 GMT', 'skroutz.gr', 156),
(567, 'application/javascript', 'max-age=31536000', '', 'Sat, 06 Mar 2021 16:03:18 GMT', '0', 'Fri, 05 Mar 2021 09:47:55 GMT', 'skroutz.gr', 156),
(568, 'application/javascript', 'max-age=31536000', '', 'Sat, 06 Mar 2021 16:03:18 GMT', '0', 'Fri, 05 Mar 2021 16:19:37 GMT', 'skroutz.gr', 156),
(569, 'application/javascript', 'max-age=31536000', '', 'Sat, 06 Mar 2021 16:03:18 GMT', '68551', 'Fri, 05 Mar 2021 16:19:37 GMT', 'skroutz.gr', 156),
(570, 'application/javascript', 'max-age=31536000', 'no-cache', 'Sat, 06 Mar 2021 16:03:18 GMT', '68551', 'Fri, 05 Mar 2021 16:19:37 GMT', 'skroutz.gr', 157),
(571, 'application/javascript', 'max-age=31536000', 'no-cache', 'Fri, 01 Jan 1990 00:00:00 GMT', '68551', 'Fri, 05 Mar 2021 16:19:37 GMT', 'skroutz.gr', 157),
(572, 'application/javascript', 'no-cache, no-store, must-revalidate', 'no-cache', 'Fri, 01 Jan 1990 00:00:00 GMT', '68551', 'Fri, 05 Mar 2021 16:19:37 GMT', 'skroutz.gr', 157),
(573, 'application/javascript', 'no-cache, no-store, must-revalidate', 'no-cache', 'Fri, 01 Jan 1990 00:00:00 GMT', '68551', 'Sun, 17 May 1998 03:00:00 GMT', 'skroutz.gr', 157),
(574, 'text/plain', 'no-cache, no-store, must-revalidate', 'no-cache', 'Fri, 01 Jan 1990 00:00:00 GMT', '68551', 'Sun, 17 May 1998 03:00:00 GMT', 'skroutz.gr', 157),
(575, 'text/html', 'no-cache, no-store, must-revalidate', 'no-cache', 'Fri, 01 Jan 1990 00:00:00 GMT', '68551', 'Sun, 17 May 1998 03:00:00 GMT', 'skroutz.gr', 158),
(576, 'text/html', 'max-age=31536000', 'no-cache', 'Fri, 01 Jan 1990 00:00:00 GMT', '68551', 'Sun, 17 May 1998 03:00:00 GMT', 'skroutz.gr', 158),
(577, 'text/html', 'max-age=31536000', 'no-cache', 'Fri, 01 Jan 1990 00:00:00 GMT', '68551', 'Thu, 21 Jan 2021 17:29:47 GMT', 'skroutz.gr', 158),
(578, 'text/html', 'max-age=31536000', 'no-cache', 'Fri, 01 Jan 1990 00:00:00 GMT', '3699986', 'Thu, 21 Jan 2021 17:29:47 GMT', 'skroutz.gr', 158),
(579, 'application/javascript', 'max-age=31536000', 'no-cache', 'Fri, 01 Jan 1990 00:00:00 GMT', '3699986', 'Thu, 21 Jan 2021 17:29:47 GMT', 'skroutz.gr', 159),
(580, 'application/javascript', 'max-age=31536000', 'no-cache', 'Fri, 01 Jan 1990 00:00:00 GMT', '3699986', 'Fri, 05 Mar 2021 09:47:55 GMT', 'skroutz.gr', 159),
(581, 'application/javascript', 'max-age=31536000', 'no-cache', 'Fri, 01 Jan 1990 00:00:00 GMT', '105155', 'Fri, 05 Mar 2021 09:47:55 GMT', 'skroutz.gr', 159),
(582, 'application/javascript', 'max-age=31536000, immutable', 'no-cache', 'Fri, 01 Jan 1990 00:00:00 GMT', '105155', 'Fri, 05 Mar 2021 09:47:55 GMT', 'skroutz.gr', 159),
(583, 'application/javascript', 'max-age=31536000, immutable', 'no-cache', 'Fri, 01 Jan 1990 00:00:00 GMT', '105155', 'Fri, 05 Mar 2021 09:47:55 GMT', 'skroutz.gr', 160),
(584, 'application/javascript', 'max-age=31536000, immutable', 'no-cache', 'Fri, 01 Jan 1990 00:00:00 GMT', '105155', 'Fri, 05 Mar 2021 09:47:55 GMT', 'skroutz.gr', 160),
(585, 'application/javascript', 'max-age=31536000, immutable', 'no-cache', 'Fri, 01 Jan 1990 00:00:00 GMT', '105155', 'Fri, 05 Mar 2021 09:47:55 GMT', 'skroutz.gr', 160),
(586, 'application/javascript', 'max-age=31536000, immutable', 'no-cache', 'Fri, 01 Jan 1990 00:00:00 GMT', '105155', 'Fri, 05 Mar 2021 09:47:55 GMT', 'skroutz.gr', 160),
(587, 'application/json; charset=utf-8', 'max-age=31536000, immutable', 'no-cache', 'Fri, 01 Jan 1990 00:00:00 GMT', '105155', 'Fri, 05 Mar 2021 09:47:55 GMT', 'skroutz.gr', 161),
(588, 'application/json; charset=utf-8', 'max-age=0, private, must-revalidate', 'no-cache', 'Fri, 01 Jan 1990 00:00:00 GMT', '105155', 'Fri, 05 Mar 2021 09:47:55 GMT', 'skroutz.gr', 161),
(589, 'application/json; charset=utf-8', 'max-age=0, private, must-revalidate', 'no-cache', 'Fri, 01 Jan 1990 00:00:00 GMT', '0', 'Fri, 05 Mar 2021 09:47:55 GMT', 'skroutz.gr', 161),
(590, 'application/json; charset=utf-8', 'max-age=0, private, must-revalidate', 'no-cache', 'Fri, 01 Jan 1990 00:00:00 GMT', '0', 'Fri, 05 Mar 2021 09:47:55 GMT', 'skroutz.gr', 162),
(591, 'application/json; charset=utf-8', 'max-age=0, private, must-revalidate', 'no-cache', 'Fri, 01 Jan 1990 00:00:00 GMT', '0', 'Fri, 05 Mar 2021 09:47:55 GMT', 'skroutz.gr', 162),
(592, 'application/json; charset=utf-8', 'max-age=0, private, must-revalidate', 'no-cache', 'Fri, 01 Jan 1990 00:00:00 GMT', '0', 'Fri, 05 Mar 2021 09:47:55 GMT', 'skroutz.gr', 162),
(593, 'application/json; charset=utf-8', 'max-age=0, private, must-revalidate', 'no-cache', 'Fri, 01 Jan 1990 00:00:00 GMT', '0', 'Fri, 05 Mar 2021 09:47:55 GMT', 'skroutz.gr', 163),
(594, 'application/json; charset=utf-8', 'max-age=0, private, must-revalidate', 'no-cache', 'Fri, 01 Jan 1990 00:00:00 GMT', '0', 'Fri, 05 Mar 2021 09:47:55 GMT', 'skroutz.gr', 163),
(595, 'application/json; charset=utf-8', 'no-cache, no-store, must-revalidate', 'no-cache', 'Fri, 01 Jan 1990 00:00:00 GMT', '0', 'Fri, 05 Mar 2021 09:47:55 GMT', 'skroutz.gr', 163),
(596, 'application/json; charset=utf-8', 'no-cache, no-store, must-revalidate', 'no-cache', 'Fri, 01 Jan 1990 00:00:00 GMT', '0', 'Sun, 17 May 1998 03:00:00 GMT', 'skroutz.gr', 163),
(597, 'text/plain', 'no-cache, no-store, must-revalidate', 'no-cache', 'Fri, 01 Jan 1990 00:00:00 GMT', '0', 'Sun, 17 May 1998 03:00:00 GMT', 'skroutz.gr', 163),
(598, 'text/plain', 'no-cache, no-store, must-revalidate', 'no-cache', 'Fri, 01 Jan 1990 00:00:00 GMT', '0', 'Sun, 17 May 1998 03:00:00 GMT', 'skroutz.gr', 164),
(599, 'text/plain', 'no-cache, no-store, must-revalidate', 'no-cache', 'Fri, 01 Jan 1990 00:00:00 GMT', '0', 'Sun, 17 May 1998 03:00:00 GMT', 'skroutz.gr', 164),
(600, 'text/plain', 'no-cache, no-store, must-revalidate', 'no-cache', 'Fri, 01 Jan 1990 00:00:00 GMT', '0', 'Sun, 17 May 1998 03:00:00 GMT', 'skroutz.gr', 164),
(601, 'image/gif', 'no-cache, no-store, must-revalidate', 'no-cache', 'Fri, 01 Jan 1990 00:00:00 GMT', '0', 'Sun, 17 May 1998 03:00:00 GMT', 'skroutz.gr', 164),
(602, 'image/gif', 'no-cache, no-store, must-revalidate', 'no-cache', 'Fri, 01 Jan 1990 00:00:00 GMT', '0', 'Sun, 17 May 1998 03:00:00 GMT', 'skroutz.gr', 165),
(603, 'image/gif', 'no-cache, no-store, must-revalidate', 'no-cache', 'Fri, 01 Jan 1990 00:00:00 GMT', '0', 'Sun, 17 May 1998 03:00:00 GMT', 'skroutz.gr', 165),
(604, 'image/gif', 'no-cache, no-store, must-revalidate', 'no-cache', 'Fri, 01 Jan 1990 00:00:00 GMT', '0', 'Sun, 17 May 1998 03:00:00 GMT', 'skroutz.gr', 165),
(605, 'image/gif', 'no-cache, no-store, must-revalidate', 'no-cache', 'Fri, 01 Jan 1990 00:00:00 GMT', '0', 'Sun, 17 May 1998 03:00:00 GMT', 'skroutz.gr', 165),
(606, 'image/gif', 'no-cache, no-store, must-revalidate', 'no-cache', 'Fri, 01 Jan 1990 00:00:00 GMT', '0', 'Sun, 17 May 1998 03:00:00 GMT', 'skroutz.gr', 166),
(607, 'image/gif', 'no-cache, no-store, must-revalidate', 'no-cache', 'Mon, 01 Jan 1990 00:00:00 GMT', '0', 'Sun, 17 May 1998 03:00:00 GMT', 'skroutz.gr', 166),
(608, 'image/gif', 'no-cache, no-store, must-revalidate', 'no-cache', 'Mon, 01 Jan 1990 00:00:00 GMT', '0', 'Sun, 17 May 1998 03:00:00 GMT', 'skroutz.gr', 166),
(609, 'image/gif', 'no-cache, no-store, must-revalidate', 'no-cache', 'Mon, 01 Jan 1990 00:00:00 GMT', '0', 'Sun, 17 May 1998 03:00:00 GMT', 'skroutz.gr', 166),
(610, 'image/gif', 'no-cache, no-store, must-revalidate', 'no-cache', 'Mon, 01 Jan 1990 00:00:00 GMT', '49748', 'Sun, 17 May 1998 03:00:00 GMT', 'skroutz.gr', 166),
(611, 'image/gif', 'no-cache, no-store, must-revalidate', 'no-cache', 'Mon, 01 Jan 1990 00:00:00 GMT', '49748', 'Sun, 17 May 1998 03:00:00 GMT', 'skroutz.gr', 166),
(612, '', '', '', 'Sun, 19 Nov 1978 05:00:00 GMT', '', '', '', 167),
(613, '', 'no-cache, must-revalidate', '', 'Sun, 19 Nov 1978 05:00:00 GMT', '', '', '', 167),
(614, 'text/html; charset=utf-8', 'no-cache, must-revalidate', '', 'Sun, 19 Nov 1978 05:00:00 GMT', '', '', '', 167),
(615, 'text/html; charset=utf-8', 'max-age=0', '', 'Sun, 19 Nov 1978 05:00:00 GMT', '', 'Sun, 07 Mar 2021 10:48:45 GMT', 'www.ceid.upatras.gr', 168),
(616, 'text/css', 'max-age=0', '', 'Sun, 19 Nov 1978 05:00:00 GMT', '', 'Sun, 07 Mar 2021 10:48:45 GMT', 'www.ceid.upatras.gr', 168),
(617, 'text/css', 'max-age=1209600', '', 'Sun, 19 Nov 1978 05:00:00 GMT', '', 'Sun, 07 Mar 2021 10:48:45 GMT', 'www.ceid.upatras.gr', 168),
(618, 'text/css', 'max-age=1209600', '', 'Wed, 31 Mar 2021 14:31:37 GMT', '', 'Sun, 07 Mar 2021 10:48:45 GMT', 'www.ceid.upatras.gr', 168),
(619, 'text/css', 'max-age=1209600', '', 'Wed, 31 Mar 2021 14:31:37 GMT', '', 'Sun, 07 Mar 2021 10:48:46 GMT', 'www.ceid.upatras.gr', 169),
(620, 'text/css', 'max-age=1209600', '', 'Wed, 31 Mar 2021 14:31:37 GMT', '', 'Sun, 07 Mar 2021 10:48:46 GMT', 'www.ceid.upatras.gr', 169),
(621, 'text/css', 'max-age=1209600', '', 'Wed, 31 Mar 2021 14:31:37 GMT', '', 'Sun, 07 Mar 2021 10:48:46 GMT', 'www.ceid.upatras.gr', 169),
(622, 'text/css', 'max-age=1209600', '', 'Wed, 31 Mar 2021 14:31:37 GMT', '', 'Sun, 07 Mar 2021 10:48:46 GMT', 'www.ceid.upatras.gr', 169),
(623, 'text/css', 'max-age=1209600', '', 'Wed, 31 Mar 2021 14:31:37 GMT', '', 'Sun, 07 Mar 2021 10:50:14 GMT', 'www.ceid.upatras.gr', 170),
(624, 'text/css', 'max-age=1209600', '', 'Wed, 31 Mar 2021 14:31:37 GMT', '', 'Sun, 07 Mar 2021 10:50:14 GMT', 'www.ceid.upatras.gr', 170),
(625, 'text/css', 'max-age=1209600', '', 'Wed, 31 Mar 2021 14:31:37 GMT', '', 'Sun, 07 Mar 2021 10:50:14 GMT', 'www.ceid.upatras.gr', 170),
(626, 'text/css', 'max-age=1209600', '', 'Wed, 31 Mar 2021 14:31:37 GMT', '', 'Sun, 07 Mar 2021 10:50:14 GMT', 'www.ceid.upatras.gr', 170),
(627, 'text/css', 'max-age=1209600', '', 'Wed, 31 Mar 2021 14:31:37 GMT', '587046', 'Sun, 07 Mar 2021 10:50:14 GMT', 'www.ceid.upatras.gr', 171),
(628, 'text/css', 'max-age=1209600', '', 'Wed, 31 Mar 2021 14:31:37 GMT', '587046', 'Mon, 25 Jan 2021 22:04:53 GMT', 'www.ceid.upatras.gr', 171),
(629, 'text/css; charset=utf-8', 'max-age=1209600', '', 'Wed, 31 Mar 2021 14:31:37 GMT', '587046', 'Mon, 25 Jan 2021 22:04:53 GMT', 'www.ceid.upatras.gr', 171),
(630, 'text/css; charset=utf-8', 'public, max-age=31919000', '', 'Wed, 31 Mar 2021 14:31:37 GMT', '587046', 'Mon, 25 Jan 2021 22:04:53 GMT', 'www.ceid.upatras.gr', 171),
(631, 'text/css; charset=utf-8', 'public, max-age=31919000', '', 'Wed, 31 Mar 2021 14:31:37 GMT', '587045', 'Mon, 25 Jan 2021 22:04:53 GMT', 'www.ceid.upatras.gr', 172),
(632, 'text/css; charset=utf-8', 'public, max-age=31919000', '', 'Wed, 31 Mar 2021 14:31:37 GMT', '587045', 'Mon, 25 Jan 2021 22:03:58 GMT', 'www.ceid.upatras.gr', 172),
(633, 'text/css; charset=utf-8', 'public, max-age=31919000', '', 'Wed, 31 Mar 2021 14:31:37 GMT', '587045', 'Mon, 25 Jan 2021 22:03:58 GMT', 'www.ceid.upatras.gr', 172),
(634, 'text/css; charset=utf-8', 'public, max-age=31919000', '', 'Wed, 31 Mar 2021 14:31:37 GMT', '587045', 'Mon, 25 Jan 2021 22:03:58 GMT', 'www.ceid.upatras.gr', 172),
(635, 'text/css; charset=utf-8', 'public, max-age=31919000', '', 'Wed, 31 Mar 2021 14:31:37 GMT', '587045', 'Sun, 07 Mar 2021 10:48:46 GMT', 'www.ceid.upatras.gr', 173),
(636, 'text/css', 'public, max-age=31919000', '', 'Wed, 31 Mar 2021 14:31:37 GMT', '587045', 'Sun, 07 Mar 2021 10:48:46 GMT', 'www.ceid.upatras.gr', 173),
(637, 'text/css', 'max-age=1209600', '', 'Wed, 31 Mar 2021 14:31:37 GMT', '587045', 'Sun, 07 Mar 2021 10:48:46 GMT', 'www.ceid.upatras.gr', 173),
(638, 'text/css', 'max-age=1209600', '', 'Wed, 31 Mar 2021 14:31:37 GMT', '587045', 'Sun, 07 Mar 2021 10:48:46 GMT', 'www.ceid.upatras.gr', 173),
(639, 'text/css', 'max-age=1209600', '', 'Wed, 31 Mar 2021 14:31:37 GMT', '587045', 'Sun, 07 Mar 2021 10:48:46 GMT', 'www.ceid.upatras.gr', 174),
(640, 'text/css', 'max-age=1209600', '', 'Wed, 31 Mar 2021 14:31:37 GMT', '587045', 'Sun, 07 Mar 2021 10:48:46 GMT', 'www.ceid.upatras.gr', 174),
(641, 'text/css', 'max-age=1209600', '', 'Wed, 31 Mar 2021 14:31:37 GMT', '587045', 'Sun, 07 Mar 2021 10:48:46 GMT', 'www.ceid.upatras.gr', 174),
(642, 'text/css', 'max-age=1209600', '', 'Wed, 31 Mar 2021 14:31:37 GMT', '587045', 'Sun, 07 Mar 2021 10:48:46 GMT', 'www.ceid.upatras.gr', 174),
(643, 'text/css', 'max-age=1209600', '', 'Wed, 31 Mar 2021 14:31:37 GMT', '587045', 'Fri, 09 Feb 2018 23:38:26 GMT', 'www.ceid.upatras.gr', 175),
(644, 'text/css', 'max-age=1209600', '', 'Wed, 31 Mar 2021 14:31:37 GMT', '587045', 'Fri, 09 Feb 2018 23:38:26 GMT', 'www.ceid.upatras.gr', 175),
(645, 'text/css', 'max-age=1209600', '', 'Wed, 31 Mar 2021 14:31:37 GMT', '587045', 'Fri, 09 Feb 2018 23:38:26 GMT', 'www.ceid.upatras.gr', 175),
(646, 'text/css', 'max-age=1209600', '', 'Wed, 31 Mar 2021 14:31:37 GMT', '587045', 'Fri, 09 Feb 2018 23:38:26 GMT', 'www.ceid.upatras.gr', 175),
(647, 'text/css', 'max-age=1209600', '', 'Wed, 31 Mar 2021 14:31:37 GMT', '587045', 'Fri, 09 Feb 2018 23:38:26 GMT', 'www.ceid.upatras.gr', 176),
(648, 'text/css', 'max-age=1209600', '', 'Wed, 31 Mar 2021 14:31:37 GMT', '587045', 'Fri, 09 Feb 2018 23:38:26 GMT', 'www.ceid.upatras.gr', 176),
(649, 'text/css', 'max-age=1209600', '', 'Wed, 31 Mar 2021 14:31:37 GMT', '587045', 'Fri, 09 Feb 2018 23:38:26 GMT', 'www.ceid.upatras.gr', 176),
(650, 'text/css', 'max-age=1209600', '', 'Wed, 31 Mar 2021 14:31:37 GMT', '587045', 'Fri, 09 Feb 2018 23:38:26 GMT', 'www.ceid.upatras.gr', 176),
(651, 'text/css', 'max-age=1209600', '', 'Wed, 31 Mar 2021 14:31:37 GMT', '587045', 'Fri, 09 Feb 2018 23:38:26 GMT', 'www.ceid.upatras.gr', 177),
(652, 'text/css', 'max-age=1209600', '', 'Wed, 31 Mar 2021 14:31:37 GMT', '587045', 'Fri, 09 Feb 2018 23:38:26 GMT', 'www.ceid.upatras.gr', 177),
(653, 'text/css', 'max-age=1209600', '', 'Wed, 31 Mar 2021 14:31:37 GMT', '587045', 'Fri, 09 Feb 2018 23:38:26 GMT', 'www.ceid.upatras.gr', 177),
(654, 'text/css', 'max-age=1209600', '', 'Wed, 31 Mar 2021 14:31:37 GMT', '587045', 'Fri, 09 Feb 2018 23:38:26 GMT', 'www.ceid.upatras.gr', 177),
(655, 'text/css', 'max-age=1209600', '', 'Wed, 31 Mar 2021 14:31:37 GMT', '587045', 'Sun, 07 Mar 2021 10:48:46 GMT', 'www.ceid.upatras.gr', 178),
(656, 'text/css', 'max-age=1209600', '', 'Wed, 31 Mar 2021 14:31:37 GMT', '587045', 'Sun, 07 Mar 2021 10:48:46 GMT', 'www.ceid.upatras.gr', 178),
(657, 'text/css', 'max-age=1209600', '', 'Wed, 31 Mar 2021 14:31:37 GMT', '587045', 'Sun, 07 Mar 2021 10:48:46 GMT', 'www.ceid.upatras.gr', 178),
(658, 'text/css', 'max-age=1209600', '', 'Wed, 31 Mar 2021 14:31:37 GMT', '587045', 'Sun, 07 Mar 2021 10:48:46 GMT', 'www.ceid.upatras.gr', 178),
(659, 'text/css', 'max-age=1209600', '', 'Wed, 31 Mar 2021 14:31:37 GMT', '587045', 'Thu, 18 Feb 2021 16:10:33 GMT', 'www.ceid.upatras.gr', 179);
INSERT INTO `hresponse` (`idhresponse`, `contentType`, `cacheControl`, `pragma`, `expires`, `age`, `lastModified`, `host`, `identries`) VALUES
(660, 'text/javascript', 'max-age=1209600', '', 'Wed, 31 Mar 2021 14:31:37 GMT', '587045', 'Thu, 18 Feb 2021 16:10:33 GMT', 'www.ceid.upatras.gr', 179),
(661, 'text/javascript', 'max-age=1209600', '', 'Wed, 31 Mar 2021 14:31:37 GMT', '587045', 'Thu, 18 Feb 2021 16:10:33 GMT', 'www.ceid.upatras.gr', 179),
(662, 'text/javascript', 'max-age=1209600', '', 'Wed, 31 Mar 2021 14:31:37 GMT', '587045', 'Thu, 18 Feb 2021 16:10:33 GMT', 'www.ceid.upatras.gr', 179),
(663, 'text/javascript', 'max-age=1209600', '', 'Wed, 31 Mar 2021 14:31:37 GMT', '587045', 'Thu, 18 Feb 2021 16:10:52 GMT', 'www.ceid.upatras.gr', 180),
(664, 'text/javascript', 'max-age=1209600', '', 'Wed, 31 Mar 2021 14:31:37 GMT', '587045', 'Thu, 18 Feb 2021 16:10:52 GMT', 'www.ceid.upatras.gr', 180),
(665, 'text/javascript', 'max-age=1209600', '', 'Wed, 31 Mar 2021 14:31:37 GMT', '587045', 'Thu, 18 Feb 2021 16:10:52 GMT', 'www.ceid.upatras.gr', 180),
(666, 'text/javascript', 'max-age=1209600', '', 'Wed, 31 Mar 2021 14:31:37 GMT', '587045', 'Thu, 18 Feb 2021 16:10:52 GMT', 'www.ceid.upatras.gr', 180),
(667, 'text/javascript', 'max-age=1209600', '', 'Wed, 31 Mar 2021 14:31:37 GMT', '587045', 'Sun, 07 Mar 2021 10:48:46 GMT', 'www.ceid.upatras.gr', 181),
(668, 'text/javascript', 'max-age=1209600', '', 'Wed, 31 Mar 2021 14:31:37 GMT', '587045', 'Sun, 07 Mar 2021 10:48:46 GMT', 'www.ceid.upatras.gr', 181),
(669, 'text/javascript', 'max-age=1209600', '', 'Wed, 31 Mar 2021 14:31:37 GMT', '587045', 'Sun, 07 Mar 2021 10:48:46 GMT', 'www.ceid.upatras.gr', 181),
(670, 'text/javascript', 'max-age=1209600', '', 'Wed, 31 Mar 2021 14:31:37 GMT', '587045', 'Sun, 07 Mar 2021 10:48:46 GMT', 'www.ceid.upatras.gr', 181),
(671, 'text/javascript', 'max-age=1209600', '', 'Wed, 31 Mar 2021 14:31:37 GMT', '587045', 'Tue, 23 Feb 2021 09:10:34 GMT', 'www.ceid.upatras.gr', 182),
(672, 'text/javascript', 'max-age=1209600', '', 'Wed, 31 Mar 2021 14:31:37 GMT', '587045', 'Tue, 23 Feb 2021 09:10:34 GMT', 'www.ceid.upatras.gr', 182),
(673, 'text/javascript', 'max-age=1209600', '', 'Wed, 31 Mar 2021 14:31:37 GMT', '587045', 'Tue, 23 Feb 2021 09:10:34 GMT', 'www.ceid.upatras.gr', 182),
(674, 'text/javascript', 'max-age=1209600', '', 'Wed, 31 Mar 2021 14:31:37 GMT', '587045', 'Tue, 23 Feb 2021 09:10:34 GMT', 'www.ceid.upatras.gr', 182),
(675, 'text/javascript', 'max-age=1209600', '', 'Wed, 31 Mar 2021 14:31:37 GMT', '587045', 'Tue, 23 Feb 2021 09:10:34 GMT', 'www.ceid.upatras.gr', 183),
(676, 'text/javascript', 'max-age=1209600', '', 'Wed, 31 Mar 2021 14:31:37 GMT', '587045', 'Mon, 25 Jan 2021 22:03:58 GMT', 'www.ceid.upatras.gr', 183),
(677, 'application/javascript; charset=utf-8', 'max-age=1209600', '', 'Wed, 31 Mar 2021 14:31:37 GMT', '587045', 'Mon, 25 Jan 2021 22:03:58 GMT', 'www.ceid.upatras.gr', 183),
(678, 'application/javascript; charset=utf-8', 'public, max-age=31919000', '', 'Wed, 31 Mar 2021 14:31:37 GMT', '587045', 'Mon, 25 Jan 2021 22:03:58 GMT', 'www.ceid.upatras.gr', 183),
(679, 'application/javascript; charset=utf-8', 'public, max-age=31919000', '', 'Wed, 31 Mar 2021 14:31:37 GMT', '587045', 'Sun, 07 Mar 2021 10:48:46 GMT', 'www.ceid.upatras.gr', 184),
(680, 'text/javascript', 'public, max-age=31919000', '', 'Wed, 31 Mar 2021 14:31:37 GMT', '587045', 'Sun, 07 Mar 2021 10:48:46 GMT', 'www.ceid.upatras.gr', 184),
(681, 'text/javascript', 'max-age=1209600', '', 'Wed, 31 Mar 2021 14:31:37 GMT', '587045', 'Sun, 07 Mar 2021 10:48:46 GMT', 'www.ceid.upatras.gr', 184),
(682, 'text/javascript', 'max-age=1209600', '', 'Wed, 31 Mar 2021 14:31:37 GMT', '587045', 'Sun, 07 Mar 2021 10:48:46 GMT', 'www.ceid.upatras.gr', 184),
(683, 'text/javascript; charset=UTF-8', 'max-age=1209600', '', 'Wed, 31 Mar 2021 14:31:37 GMT', '587045', 'Sun, 07 Mar 2021 10:48:46 GMT', 'www.ceid.upatras.gr', 185),
(684, 'text/javascript; charset=UTF-8', 'public, max-age=1800', '', 'Wed, 31 Mar 2021 14:31:37 GMT', '587045', 'Sun, 07 Mar 2021 10:48:46 GMT', 'www.ceid.upatras.gr', 185),
(685, 'text/javascript; charset=UTF-8', 'public, max-age=1800', '', 'Wed, 17 Mar 2021 15:01:37 GMT', '587045', 'Sun, 07 Mar 2021 10:48:46 GMT', 'www.ceid.upatras.gr', 185),
(686, 'text/javascript; charset=UTF-8', 'public, max-age=1800', '', 'Wed, 17 Mar 2021 15:01:37 GMT', '587045', 'Sun, 07 Mar 2021 10:48:46 GMT', 'www.ceid.upatras.gr', 186),
(687, 'text/javascript', 'public, max-age=1800', '', 'Wed, 17 Mar 2021 15:01:37 GMT', '587045', 'Sun, 07 Mar 2021 10:48:46 GMT', 'www.ceid.upatras.gr', 186),
(688, 'text/javascript', 'max-age=1209600', '', 'Wed, 17 Mar 2021 15:01:37 GMT', '587045', 'Sun, 07 Mar 2021 10:48:46 GMT', 'www.ceid.upatras.gr', 186),
(689, 'text/javascript', 'max-age=1209600', '', 'Wed, 31 Mar 2021 14:31:37 GMT', '587045', 'Sun, 07 Mar 2021 10:48:46 GMT', 'www.ceid.upatras.gr', 186),
(690, 'text/javascript', 'max-age=1209600', '', 'Wed, 31 Mar 2021 14:31:37 GMT', '587045', 'Sun, 07 Mar 2021 10:48:46 GMT', 'www.ceid.upatras.gr', 187),
(691, 'text/javascript', 'max-age=1209600', '', 'Wed, 31 Mar 2021 14:31:37 GMT', '587045', 'Sun, 07 Mar 2021 10:48:46 GMT', 'www.ceid.upatras.gr', 187),
(692, 'text/javascript', 'max-age=1209600', '', 'Wed, 31 Mar 2021 14:31:37 GMT', '587045', 'Sun, 07 Mar 2021 10:48:46 GMT', 'www.ceid.upatras.gr', 187),
(693, 'text/javascript', 'max-age=1209600', '', 'Wed, 31 Mar 2021 14:31:37 GMT', '587045', 'Sun, 07 Mar 2021 10:48:46 GMT', 'www.ceid.upatras.gr', 187),
(694, 'text/javascript', 'max-age=1209600', '', 'Wed, 31 Mar 2021 14:31:37 GMT', '587045', 'Fri, 09 Feb 2018 23:38:25 GMT', 'www.ceid.upatras.gr', 188),
(695, 'image/png', 'max-age=1209600', '', 'Wed, 31 Mar 2021 14:31:37 GMT', '587045', 'Fri, 09 Feb 2018 23:38:25 GMT', 'www.ceid.upatras.gr', 188),
(696, 'image/png', 'max-age=1209600', '', 'Wed, 31 Mar 2021 14:31:37 GMT', '587045', 'Fri, 09 Feb 2018 23:38:25 GMT', 'www.ceid.upatras.gr', 188),
(697, 'image/png', 'max-age=1209600', '', 'Wed, 31 Mar 2021 14:31:37 GMT', '587045', 'Fri, 09 Feb 2018 23:38:25 GMT', 'www.ceid.upatras.gr', 188),
(698, 'image/png', 'max-age=1209600', '', 'Wed, 31 Mar 2021 14:31:37 GMT', '587045', 'Fri, 09 Feb 2018 23:38:28 GMT', 'www.ceid.upatras.gr', 189),
(699, 'image/png', 'max-age=1209600', '', 'Wed, 31 Mar 2021 14:31:37 GMT', '587045', 'Fri, 09 Feb 2018 23:38:28 GMT', 'www.ceid.upatras.gr', 189),
(700, 'image/png', 'max-age=1209600', '', 'Wed, 31 Mar 2021 14:31:37 GMT', '587045', 'Fri, 09 Feb 2018 23:38:28 GMT', 'www.ceid.upatras.gr', 189),
(701, 'image/png', 'max-age=1209600', '', 'Wed, 31 Mar 2021 14:31:37 GMT', '587045', 'Fri, 09 Feb 2018 23:38:28 GMT', 'www.ceid.upatras.gr', 189),
(702, 'image/png', 'max-age=1209600', '', 'Wed, 31 Mar 2021 14:31:37 GMT', '587045', 'Fri, 09 Feb 2018 23:38:28 GMT', 'www.ceid.upatras.gr', 190),
(703, 'image/png', 'max-age=1209600', '', 'Wed, 31 Mar 2021 14:31:37 GMT', '587045', 'Fri, 09 Feb 2018 23:38:28 GMT', 'www.ceid.upatras.gr', 190),
(704, 'image/png', 'max-age=1209600', '', 'Wed, 31 Mar 2021 14:31:37 GMT', '587045', 'Fri, 09 Feb 2018 23:38:28 GMT', 'www.ceid.upatras.gr', 190),
(705, 'image/png', 'max-age=1209600', '', 'Wed, 31 Mar 2021 14:31:37 GMT', '587045', 'Fri, 09 Feb 2018 23:38:28 GMT', 'www.ceid.upatras.gr', 190),
(706, 'image/png', 'max-age=1209600', '', 'Wed, 31 Mar 2021 14:31:37 GMT', '587045', 'Fri, 09 Feb 2018 23:38:12 GMT', 'www.ceid.upatras.gr', 191),
(707, 'image/png', 'max-age=1209600', '', 'Wed, 31 Mar 2021 14:31:37 GMT', '587045', 'Fri, 09 Feb 2018 23:38:12 GMT', 'www.ceid.upatras.gr', 191),
(708, 'image/png', 'max-age=1209600', '', 'Wed, 31 Mar 2021 14:31:37 GMT', '587045', 'Fri, 09 Feb 2018 23:38:12 GMT', 'www.ceid.upatras.gr', 191),
(709, 'image/png', 'max-age=1209600', '', 'Wed, 31 Mar 2021 14:31:37 GMT', '587045', 'Fri, 09 Feb 2018 23:38:12 GMT', 'www.ceid.upatras.gr', 191),
(710, 'image/png', 'max-age=1209600', '', 'Wed, 31 Mar 2021 14:31:37 GMT', '587045', 'Fri, 09 Feb 2018 23:38:12 GMT', 'www.ceid.upatras.gr', 192),
(711, 'image/png', 'max-age=1209600', '', 'Wed, 31 Mar 2021 14:31:37 GMT', '587045', 'Fri, 09 Feb 2018 23:38:12 GMT', 'www.ceid.upatras.gr', 192),
(712, 'image/png', 'max-age=1209600', '', 'Wed, 31 Mar 2021 14:31:37 GMT', '587045', 'Fri, 09 Feb 2018 23:38:12 GMT', 'www.ceid.upatras.gr', 192),
(713, 'image/png', 'max-age=1209600', '', 'Wed, 31 Mar 2021 14:31:37 GMT', '587045', 'Fri, 09 Feb 2018 23:38:12 GMT', 'www.ceid.upatras.gr', 192),
(714, 'image/png', 'max-age=1209600', '', 'Wed, 31 Mar 2021 14:31:37 GMT', '587045', 'Fri, 09 Feb 2018 23:38:12 GMT', 'www.ceid.upatras.gr', 193),
(715, 'image/png', 'max-age=1209600', '', 'Wed, 31 Mar 2021 14:31:37 GMT', '587045', 'Fri, 09 Feb 2018 23:38:12 GMT', 'www.ceid.upatras.gr', 193),
(716, 'image/png', 'max-age=1209600', '', 'Wed, 31 Mar 2021 14:31:37 GMT', '587045', 'Fri, 09 Feb 2018 23:38:12 GMT', 'www.ceid.upatras.gr', 193),
(717, 'image/png', 'max-age=1209600', '', 'Wed, 31 Mar 2021 14:31:37 GMT', '587045', 'Fri, 09 Feb 2018 23:38:12 GMT', 'www.ceid.upatras.gr', 193),
(718, 'image/png', 'max-age=1209600', '', 'Wed, 31 Mar 2021 14:31:37 GMT', '587045', 'Fri, 12 Mar 2021 12:46:41 GMT', 'www.ceid.upatras.gr', 194),
(719, 'image/png', 'max-age=1209600', '', 'Wed, 31 Mar 2021 14:31:37 GMT', '587045', 'Fri, 12 Mar 2021 12:46:41 GMT', 'www.ceid.upatras.gr', 194),
(720, 'image/png', 'max-age=1209600', '', 'Wed, 31 Mar 2021 14:31:37 GMT', '587045', 'Fri, 12 Mar 2021 12:46:41 GMT', 'www.ceid.upatras.gr', 194),
(721, 'image/png', 'max-age=1209600', '', 'Wed, 31 Mar 2021 14:31:37 GMT', '587045', 'Fri, 12 Mar 2021 12:46:41 GMT', 'www.ceid.upatras.gr', 194),
(722, 'image/png', 'max-age=1209600', '', 'Wed, 31 Mar 2021 14:31:37 GMT', '587045', 'Tue, 09 Mar 2021 10:51:33 GMT', 'www.ceid.upatras.gr', 195),
(723, 'image/jpeg', 'max-age=1209600', '', 'Wed, 31 Mar 2021 14:31:37 GMT', '587045', 'Tue, 09 Mar 2021 10:51:33 GMT', 'www.ceid.upatras.gr', 195),
(724, 'image/jpeg', 'max-age=1209600', '', 'Wed, 31 Mar 2021 14:31:37 GMT', '587045', 'Tue, 09 Mar 2021 10:51:33 GMT', 'www.ceid.upatras.gr', 195),
(725, 'image/jpeg', 'max-age=1209600', '', 'Wed, 31 Mar 2021 14:31:37 GMT', '587045', 'Tue, 09 Mar 2021 10:51:33 GMT', 'www.ceid.upatras.gr', 195),
(726, 'image/jpeg', 'max-age=1209600', '', 'Wed, 31 Mar 2021 14:31:37 GMT', '587045', 'Sun, 07 Mar 2021 10:50:14 GMT', 'www.ceid.upatras.gr', 196),
(727, 'image/png', 'max-age=1209600', '', 'Wed, 31 Mar 2021 14:31:37 GMT', '587045', 'Sun, 07 Mar 2021 10:50:14 GMT', 'www.ceid.upatras.gr', 196),
(728, 'image/png', 'max-age=1209600', '', 'Wed, 31 Mar 2021 14:31:37 GMT', '587045', 'Sun, 07 Mar 2021 10:50:14 GMT', 'www.ceid.upatras.gr', 196),
(729, 'image/png', 'max-age=1209600', '', 'Wed, 31 Mar 2021 14:31:37 GMT', '587045', 'Sun, 07 Mar 2021 10:50:14 GMT', 'www.ceid.upatras.gr', 196),
(730, 'image/png', 'max-age=1209600', '', 'Wed, 31 Mar 2021 14:31:37 GMT', '587045', 'Tue, 02 Mar 2021 11:05:42 GMT', 'www.ceid.upatras.gr', 197),
(731, 'image/png', 'max-age=1209600', '', 'Wed, 31 Mar 2021 14:31:37 GMT', '587045', 'Tue, 02 Mar 2021 11:05:42 GMT', 'www.ceid.upatras.gr', 197),
(732, 'image/png', 'max-age=1209600', '', 'Wed, 31 Mar 2021 14:31:37 GMT', '587045', 'Tue, 02 Mar 2021 11:05:42 GMT', 'www.ceid.upatras.gr', 197),
(733, 'image/png', 'max-age=1209600', '', 'Wed, 31 Mar 2021 14:31:37 GMT', '587045', 'Tue, 02 Mar 2021 11:05:42 GMT', 'www.ceid.upatras.gr', 197),
(734, 'image/png', 'max-age=1209600', '', 'Wed, 31 Mar 2021 14:31:37 GMT', '587045', 'Tue, 02 Mar 2021 11:05:42 GMT', 'www.ceid.upatras.gr', 198),
(735, 'image/jpeg', 'max-age=1209600', '', 'Wed, 31 Mar 2021 14:31:37 GMT', '587045', 'Tue, 02 Mar 2021 11:05:42 GMT', 'www.ceid.upatras.gr', 198),
(736, 'image/jpeg', 'max-age=1209600', '', 'Wed, 31 Mar 2021 14:31:37 GMT', '587045', 'Tue, 02 Mar 2021 11:05:42 GMT', 'www.ceid.upatras.gr', 198),
(737, 'image/jpeg', 'max-age=1209600', '', 'Wed, 31 Mar 2021 14:31:37 GMT', '587045', 'Tue, 02 Mar 2021 11:05:42 GMT', 'www.ceid.upatras.gr', 198),
(738, 'image/jpeg', 'max-age=1209600', '', 'Wed, 31 Mar 2021 14:31:37 GMT', '587045', 'Fri, 26 Feb 2021 16:11:10 GMT', 'www.ceid.upatras.gr', 199),
(739, 'image/png', 'max-age=1209600', '', 'Wed, 31 Mar 2021 14:31:37 GMT', '587045', 'Fri, 26 Feb 2021 16:11:10 GMT', 'www.ceid.upatras.gr', 199),
(740, 'image/png', 'max-age=1209600', '', 'Wed, 31 Mar 2021 14:31:37 GMT', '587045', 'Fri, 26 Feb 2021 16:11:10 GMT', 'www.ceid.upatras.gr', 199),
(741, 'image/png', 'max-age=1209600', '', 'Wed, 31 Mar 2021 14:31:37 GMT', '587045', 'Fri, 26 Feb 2021 16:11:10 GMT', 'www.ceid.upatras.gr', 199),
(742, 'image/png', 'max-age=1209600', '', 'Wed, 31 Mar 2021 14:31:37 GMT', '587045', 'Sun, 07 Mar 2021 10:48:46 GMT', 'www.ceid.upatras.gr', 200),
(743, 'text/css', 'max-age=1209600', '', 'Wed, 31 Mar 2021 14:31:37 GMT', '587045', 'Sun, 07 Mar 2021 10:48:46 GMT', 'www.ceid.upatras.gr', 200),
(744, 'text/css', 'max-age=1209600', '', 'Wed, 31 Mar 2021 14:31:37 GMT', '587045', 'Sun, 07 Mar 2021 10:48:46 GMT', 'www.ceid.upatras.gr', 200),
(745, 'text/css', 'max-age=1209600', '', 'Wed, 31 Mar 2021 14:31:38 GMT', '587045', 'Sun, 07 Mar 2021 10:48:46 GMT', 'www.ceid.upatras.gr', 200),
(746, 'text/css', 'max-age=1209600', '', 'Wed, 31 Mar 2021 14:31:38 GMT', '587045', 'Wed, 17 Mar 2021 13:18:28 GMT', 'www.ceid.upatras.gr', 201),
(747, 'text/css; charset=utf-8', 'max-age=1209600', '', 'Wed, 31 Mar 2021 14:31:38 GMT', '587045', 'Wed, 17 Mar 2021 13:18:28 GMT', 'www.ceid.upatras.gr', 201),
(748, 'text/css; charset=utf-8', 'private, max-age=86400, stale-while-revalidate=604800', '', 'Wed, 31 Mar 2021 14:31:38 GMT', '587045', 'Wed, 17 Mar 2021 13:18:28 GMT', 'www.ceid.upatras.gr', 201),
(749, 'text/css; charset=utf-8', 'private, max-age=86400, stale-while-revalidate=604800', '', 'Wed, 17 Mar 2021 14:31:37 GMT', '587045', 'Wed, 17 Mar 2021 13:18:28 GMT', 'www.ceid.upatras.gr', 201),
(750, 'text/css; charset=utf-8', 'private, max-age=86400, stale-while-revalidate=604800', '', 'Wed, 17 Mar 2021 14:31:37 GMT', '587045', 'Wed, 17 Mar 2021 13:49:54 GMT', 'www.ceid.upatras.gr', 202),
(751, 'text/css; charset=utf-8', 'private, max-age=86400, stale-while-revalidate=604800', '', 'Wed, 17 Mar 2021 14:31:37 GMT', '587045', 'Wed, 17 Mar 2021 13:49:54 GMT', 'www.ceid.upatras.gr', 202),
(752, 'text/css; charset=utf-8', 'private, max-age=86400, stale-while-revalidate=604800', '', 'Wed, 17 Mar 2021 14:31:37 GMT', '587045', 'Wed, 17 Mar 2021 13:49:54 GMT', 'www.ceid.upatras.gr', 202),
(753, 'text/css; charset=utf-8', 'private, max-age=86400, stale-while-revalidate=604800', '', 'Wed, 17 Mar 2021 14:31:37 GMT', '587045', 'Wed, 17 Mar 2021 13:49:54 GMT', 'www.ceid.upatras.gr', 202),
(754, 'text/css; charset=utf-8', 'private, max-age=86400, stale-while-revalidate=604800', '', 'Wed, 17 Mar 2021 14:31:37 GMT', '587045', 'Wed, 17 Mar 2021 12:42:00 GMT', 'www.ceid.upatras.gr', 203),
(755, 'text/css; charset=utf-8', 'private, max-age=86400, stale-while-revalidate=604800', '', 'Wed, 17 Mar 2021 14:31:37 GMT', '587045', 'Wed, 17 Mar 2021 12:42:00 GMT', 'www.ceid.upatras.gr', 203),
(756, 'text/css; charset=utf-8', 'private, max-age=86400, stale-while-revalidate=604800', '', 'Wed, 17 Mar 2021 14:31:37 GMT', '587045', 'Wed, 17 Mar 2021 12:42:00 GMT', 'www.ceid.upatras.gr', 203),
(757, 'text/css; charset=utf-8', 'private, max-age=86400, stale-while-revalidate=604800', '', 'Wed, 17 Mar 2021 14:31:37 GMT', '587045', 'Wed, 17 Mar 2021 12:42:00 GMT', 'www.ceid.upatras.gr', 203),
(758, 'text/css; charset=utf-8', 'private, max-age=86400, stale-while-revalidate=604800', '', 'Wed, 17 Mar 2021 14:31:37 GMT', '587045', 'Fri, 09 Feb 2018 23:38:22 GMT', 'www.ceid.upatras.gr', 204),
(759, 'text/plain; charset=UTF-8', 'private, max-age=86400, stale-while-revalidate=604800', '', 'Wed, 17 Mar 2021 14:31:37 GMT', '587045', 'Fri, 09 Feb 2018 23:38:22 GMT', 'www.ceid.upatras.gr', 204),
(760, 'text/plain; charset=UTF-8', 'max-age=1209600', '', 'Wed, 17 Mar 2021 14:31:37 GMT', '587045', 'Fri, 09 Feb 2018 23:38:22 GMT', 'www.ceid.upatras.gr', 204),
(761, 'text/plain; charset=UTF-8', 'max-age=1209600', '', 'Wed, 31 Mar 2021 14:31:42 GMT', '587045', 'Fri, 09 Feb 2018 23:38:22 GMT', 'www.ceid.upatras.gr', 204),
(762, 'text/plain; charset=UTF-8', 'max-age=1209600', '', 'Wed, 31 Mar 2021 14:31:42 GMT', '586813', 'Fri, 09 Feb 2018 23:38:22 GMT', 'www.ceid.upatras.gr', 205),
(763, 'text/plain; charset=UTF-8', 'max-age=1209600', '', 'Wed, 31 Mar 2021 14:31:42 GMT', '586813', 'Mon, 25 Jan 2021 22:04:53 GMT', 'www.ceid.upatras.gr', 205),
(764, 'font/woff', 'max-age=1209600', '', 'Wed, 31 Mar 2021 14:31:42 GMT', '586813', 'Mon, 25 Jan 2021 22:04:53 GMT', 'www.ceid.upatras.gr', 205),
(765, 'font/woff', 'public, max-age=31919000', '', 'Wed, 31 Mar 2021 14:31:42 GMT', '586813', 'Mon, 25 Jan 2021 22:04:53 GMT', 'www.ceid.upatras.gr', 205),
(766, 'font/woff', 'public, max-age=31919000', '', 'Wed, 31 Mar 2021 14:31:42 GMT', '586813', 'Tue, 15 Sep 2020 18:12:06 GMT', 'www.ceid.upatras.gr', 206),
(767, 'font/woff', 'public, max-age=31919000', '', 'Wed, 31 Mar 2021 14:31:42 GMT', '71396', 'Tue, 15 Sep 2020 18:12:06 GMT', 'www.ceid.upatras.gr', 206),
(768, 'font/woff2', 'public, max-age=31919000', '', 'Wed, 31 Mar 2021 14:31:42 GMT', '71396', 'Tue, 15 Sep 2020 18:12:06 GMT', 'www.ceid.upatras.gr', 206),
(769, 'font/woff2', 'public, max-age=31536000', '', 'Wed, 31 Mar 2021 14:31:42 GMT', '71396', 'Tue, 15 Sep 2020 18:12:06 GMT', 'www.ceid.upatras.gr', 206),
(770, 'font/woff2', 'public, max-age=31536000', '', 'Wed, 16 Mar 2022 18:41:42 GMT', '71396', 'Tue, 15 Sep 2020 18:12:06 GMT', 'www.ceid.upatras.gr', 206),
(771, 'font/woff2', 'public, max-age=31536000', '', 'Wed, 16 Mar 2022 18:41:42 GMT', '71396', 'Tue, 15 Sep 2020 18:10:46 GMT', 'www.ceid.upatras.gr', 207),
(772, 'font/woff2', 'public, max-age=31536000', '', 'Wed, 16 Mar 2022 18:41:42 GMT', '578181', 'Tue, 15 Sep 2020 18:10:46 GMT', 'www.ceid.upatras.gr', 207),
(773, 'font/woff2', 'public, max-age=31536000', '', 'Wed, 16 Mar 2022 18:41:42 GMT', '578181', 'Tue, 15 Sep 2020 18:10:46 GMT', 'www.ceid.upatras.gr', 207),
(774, 'font/woff2', 'public, max-age=31536000', '', 'Wed, 16 Mar 2022 18:41:42 GMT', '578181', 'Tue, 15 Sep 2020 18:10:46 GMT', 'www.ceid.upatras.gr', 207),
(775, 'font/woff2', 'public, max-age=31536000', '', 'Thu, 10 Mar 2022 21:55:17 GMT', '578181', 'Tue, 15 Sep 2020 18:10:46 GMT', 'www.ceid.upatras.gr', 207),
(776, 'font/woff2', 'public, max-age=31536000', '', 'Thu, 10 Mar 2022 21:55:17 GMT', '578181', 'Tue, 15 Sep 2020 18:12:12 GMT', 'www.ceid.upatras.gr', 208),
(777, 'font/woff2', 'public, max-age=31536000', '', 'Thu, 10 Mar 2022 21:55:17 GMT', '572855', 'Tue, 15 Sep 2020 18:12:12 GMT', 'www.ceid.upatras.gr', 208),
(778, 'font/woff2', 'public, max-age=31536000', '', 'Thu, 10 Mar 2022 21:55:17 GMT', '572855', 'Tue, 15 Sep 2020 18:12:12 GMT', 'www.ceid.upatras.gr', 208),
(779, 'font/woff2', 'public, max-age=31536000', '', 'Thu, 10 Mar 2022 21:55:17 GMT', '572855', 'Tue, 15 Sep 2020 18:12:12 GMT', 'www.ceid.upatras.gr', 208),
(780, 'font/woff2', 'public, max-age=31536000', '', 'Thu, 10 Mar 2022 23:24:03 GMT', '572855', 'Tue, 15 Sep 2020 18:12:12 GMT', 'www.ceid.upatras.gr', 208),
(781, 'font/woff2', 'public, max-age=31536000', '', 'Thu, 10 Mar 2022 23:24:03 GMT', '572855', 'Fri, 09 Feb 2018 23:38:26 GMT', 'www.ceid.upatras.gr', 209),
(782, 'image/jpeg', 'public, max-age=31536000', '', 'Thu, 10 Mar 2022 23:24:03 GMT', '572855', 'Fri, 09 Feb 2018 23:38:26 GMT', 'www.ceid.upatras.gr', 209),
(783, 'image/jpeg', 'max-age=1209600', '', 'Thu, 10 Mar 2022 23:24:03 GMT', '572855', 'Fri, 09 Feb 2018 23:38:26 GMT', 'www.ceid.upatras.gr', 209),
(784, 'image/jpeg', 'max-age=1209600', '', 'Wed, 31 Mar 2021 14:31:38 GMT', '572855', 'Fri, 09 Feb 2018 23:38:26 GMT', 'www.ceid.upatras.gr', 209),
(785, 'image/jpeg', 'max-age=1209600', '', 'Wed, 31 Mar 2021 14:31:38 GMT', '572855', 'Sun, 07 Mar 2021 10:50:13 GMT', 'www.ceid.upatras.gr', 210),
(786, 'text/javascript', 'max-age=1209600', '', 'Wed, 31 Mar 2021 14:31:38 GMT', '572855', 'Sun, 07 Mar 2021 10:50:13 GMT', 'www.ceid.upatras.gr', 210),
(787, 'text/javascript', 'max-age=1209600', '', 'Wed, 31 Mar 2021 14:31:38 GMT', '572855', 'Sun, 07 Mar 2021 10:50:13 GMT', 'www.ceid.upatras.gr', 210),
(788, 'text/javascript', 'max-age=1209600', '', 'Wed, 31 Mar 2021 14:31:37 GMT', '572855', 'Sun, 07 Mar 2021 10:50:13 GMT', 'www.ceid.upatras.gr', 210),
(789, 'text/javascript', 'max-age=1209600', '', 'Wed, 31 Mar 2021 14:31:37 GMT', '572855', 'Tue, 24 Mar 2015 18:44:04 GMT', 'www.ceid.upatras.gr', 211),
(790, 'text/javascript', 'max-age=1209600', '', 'Wed, 31 Mar 2021 14:31:37 GMT', '572855', 'Tue, 24 Mar 2015 18:44:04 GMT', 'www.ceid.upatras.gr', 211),
(791, 'text/javascript', 'max-age=1209600', '', 'Wed, 31 Mar 2021 14:31:37 GMT', '572855', 'Fri, 09 Feb 2018 23:38:22 GMT', 'www.ceid.upatras.gr', 212),
(792, 'image/png', 'max-age=1209600', '', 'Wed, 31 Mar 2021 14:31:37 GMT', '572855', 'Fri, 09 Feb 2018 23:38:22 GMT', 'www.ceid.upatras.gr', 212),
(793, 'image/png', 'max-age=1209600', '', 'Wed, 31 Mar 2021 14:31:37 GMT', '572855', 'Fri, 09 Feb 2018 23:38:22 GMT', 'www.ceid.upatras.gr', 212),
(794, 'image/png', 'max-age=1209600', '', 'Wed, 31 Mar 2021 14:31:38 GMT', '572855', 'Fri, 09 Feb 2018 23:38:22 GMT', 'www.ceid.upatras.gr', 212),
(795, 'image/png', 'max-age=1209600', '', 'Wed, 31 Mar 2021 14:31:38 GMT', '572855', 'Fri, 09 Feb 2018 23:38:22 GMT', 'www.ceid.upatras.gr', 213),
(796, 'image/png', 'max-age=1209600', '', 'Wed, 31 Mar 2021 14:31:38 GMT', '572855', 'Fri, 09 Feb 2018 23:38:22 GMT', 'www.ceid.upatras.gr', 213),
(797, 'image/png', 'max-age=1209600', '', 'Wed, 31 Mar 2021 14:31:38 GMT', '572855', 'Fri, 09 Feb 2018 23:38:22 GMT', 'www.ceid.upatras.gr', 213),
(798, 'image/png', 'max-age=1209600', '', 'Wed, 31 Mar 2021 14:31:38 GMT', '572855', 'Fri, 09 Feb 2018 23:38:22 GMT', 'www.ceid.upatras.gr', 213),
(799, 'text/html; charset=UTF-8', 'max-age=1209600', '', 'Wed, 31 Mar 2021 14:31:38 GMT', '572855', 'Fri, 09 Feb 2018 23:38:22 GMT', 'www.ceid.upatras.gr', 214),
(800, 'text/html; charset=UTF-8', 'max-age=1209600', '', 'Wed, 31 Mar 2021 14:31:38 GMT', '572855', 'Fri, 09 Feb 2018 23:38:25 GMT', 'www.ceid.upatras.gr', 215),
(801, 'text/html; charset=UTF-8', 'max-age=1209600', '', 'Wed, 31 Mar 2021 14:31:38 GMT', '572855', 'Fri, 09 Feb 2018 23:38:25 GMT', 'www.ceid.upatras.gr', 215),
(802, 'text/html; charset=UTF-8', 'max-age=1209600', '', 'Wed, 31 Mar 2021 14:31:50 GMT', '572855', 'Fri, 09 Feb 2018 23:38:25 GMT', 'www.ceid.upatras.gr', 215),
(803, 'image/vnd.microsoft.icon', 'max-age=1209600', '', 'Wed, 31 Mar 2021 14:31:50 GMT', '572855', 'Fri, 09 Feb 2018 23:38:25 GMT', 'www.ceid.upatras.gr', 215),
(804, 'text/javascript', 'no-cache', 'no-cache', 'Wed, 31 Mar 2021 14:31:50 GMT', '572855', 'Fri, 09 Feb 2018 23:38:25 GMT', 'www.ceid.upatras.gr', 216),
(805, 'text/javascript', 'no-cache', 'no-cache', 'Thu, 10 Mar 2022 20:06:46 GMT', '572855', 'Fri, 09 Feb 2018 23:38:25 GMT', 'www.ceid.upatras.gr', 216),
(806, 'text/javascript', 'no-cache', 'no-cache', 'Thu, 10 Mar 2022 20:06:46 GMT', '572855', 'Tue, 09 Mar 2021 21:36:13 GMT', 'www.ceid.upatras.gr', 216),
(807, 'text/javascript', 'public, max-age=31536000', 'no-cache', 'Thu, 10 Mar 2022 20:06:46 GMT', '572855', 'Tue, 09 Mar 2021 21:36:13 GMT', 'www.ceid.upatras.gr', 216),
(808, 'text/javascript', 'public, max-age=31536000', 'no-cache', 'Thu, 10 Mar 2022 20:06:46 GMT', '584696', 'Tue, 09 Mar 2021 21:36:13 GMT', 'www.ceid.upatras.gr', 216),
(809, 'text/javascript', 'public, max-age=31536000', 'no-cache', 'Thu, 10 Mar 2022 20:06:46 GMT', '584696', 'Tue, 09 Mar 2021 21:36:13 GMT', 'www.ceid.upatras.gr', 217),
(810, 'text/javascript', 'public, max-age=31536000', 'no-cache', 'Thu, 10 Mar 2022 20:06:46 GMT', '584696', 'Tue, 09 Mar 2021 21:36:13 GMT', 'www.ceid.upatras.gr', 217),
(811, 'text/javascript', 'public, max-age=31536000', 'no-cache', 'Thu, 10 Mar 2022 20:06:46 GMT', '584696', 'Tue, 09 Mar 2021 21:36:13 GMT', 'www.ceid.upatras.gr', 217),
(812, 'text/javascript', 'public, max-age=31536000', 'no-cache', 'Thu, 10 Mar 2022 20:06:46 GMT', '584696', 'Tue, 09 Mar 2021 21:36:13 GMT', 'www.ceid.upatras.gr', 217),
(813, 'text/javascript', 'public, max-age=31536000', 'no-cache', 'Thu, 10 Mar 2022 20:06:46 GMT', '584696', 'Tue, 09 Mar 2021 21:36:13 GMT', 'www.ceid.upatras.gr', 217),
(814, 'text/javascript; charset=UTF-8', 'public, max-age=31536000', 'no-cache', 'Thu, 10 Mar 2022 20:06:46 GMT', '584696', 'Tue, 09 Mar 2021 21:36:13 GMT', 'www.ceid.upatras.gr', 218),
(815, 'text/javascript; charset=UTF-8', 'public, max-age=31536000', 'no-cache', 'Thu, 10 Mar 2022 20:06:46 GMT', '584696', 'Tue, 09 Mar 2021 21:36:13 GMT', 'www.ceid.upatras.gr', 218),
(816, 'text/javascript; charset=UTF-8', 'public, max-age=31536000', 'no-cache', 'Fri, 01 Jan 1990 00:00:00 GMT', '584696', 'Tue, 09 Mar 2021 21:36:13 GMT', 'www.ceid.upatras.gr', 218),
(817, 'text/javascript; charset=UTF-8', 'no-cache, must-revalidate', 'no-cache', 'Fri, 01 Jan 1990 00:00:00 GMT', '584696', 'Tue, 09 Mar 2021 21:36:13 GMT', 'www.ceid.upatras.gr', 218);

-- --------------------------------------------------------

--
-- Table structure for table `userinfo`
--

CREATE TABLE `userinfo` (
  `iduserinfo` int(15) NOT NULL,
  `username` varchar(200) NOT NULL,
  `password` varchar(200) NOT NULL,
  `email` varchar(200) NOT NULL
) ENGINE=InnoDB DEFAULT CHARSET=utf8mb4;

--
-- Dumping data for table `userinfo`
--

INSERT INTO `userinfo` (`iduserinfo`, `username`, `password`, `email`) VALUES
(1, 'bigbrother', 'BIG123@@', 'big@brother.com'),
(2, 'java', 'JAVA123@', 'java@theotherdog.com'),
(3, 'rico', 'RICO123@', 'rico@thedog.com'),
(4, 'nikol', 'NIKOL123@', 'nikol@sklav.com'),
(5, 'manos', 'MANOS123@', 'manos@matakias.com'),
(6, 'xrysa', 'XRYSA123!', 'xrysa@tsouki.com');

--
-- Indexes for dumped tables
--

--
-- Indexes for table `entries`
--
ALTER TABLE `entries`
  ADD PRIMARY KEY (`identries`),
  ADD KEY `idheaders` (`idharfiles`);

--
-- Indexes for table `harfiles`
--
ALTER TABLE `harfiles`
  ADD PRIMARY KEY (`idharfiles`),
  ADD KEY `iduserinfo` (`iduserinfo`);

--
-- Indexes for table `hrequest`
--
ALTER TABLE `hrequest`
  ADD PRIMARY KEY (`idhrequest`),
  ADD KEY `identries` (`identries`);

--
-- Indexes for table `hresponse`
--
ALTER TABLE `hresponse`
  ADD PRIMARY KEY (`idhresponse`),
  ADD KEY `identries` (`identries`);

--
-- Indexes for table `userinfo`
--
ALTER TABLE `userinfo`
  ADD PRIMARY KEY (`iduserinfo`);

--
-- AUTO_INCREMENT for dumped tables
--

--
-- AUTO_INCREMENT for table `entries`
--
ALTER TABLE `entries`
  MODIFY `identries` int(11) NOT NULL AUTO_INCREMENT, AUTO_INCREMENT=219;

--
-- AUTO_INCREMENT for table `harfiles`
--
ALTER TABLE `harfiles`
  MODIFY `idharfiles` int(15) NOT NULL AUTO_INCREMENT, AUTO_INCREMENT=4;

--
-- AUTO_INCREMENT for table `hrequest`
--
ALTER TABLE `hrequest`
  MODIFY `idhrequest` int(11) NOT NULL AUTO_INCREMENT, AUTO_INCREMENT=29;

--
-- AUTO_INCREMENT for table `hresponse`
--
ALTER TABLE `hresponse`
  MODIFY `idhresponse` int(11) NOT NULL AUTO_INCREMENT, AUTO_INCREMENT=818;

--
-- AUTO_INCREMENT for table `userinfo`
--
ALTER TABLE `userinfo`
  MODIFY `iduserinfo` int(15) NOT NULL AUTO_INCREMENT, AUTO_INCREMENT=7;

--
-- Constraints for dumped tables
--

--
-- Constraints for table `entries`
--
ALTER TABLE `entries`
  ADD CONSTRAINT `entries_ibfk_1` FOREIGN KEY (`idharfiles`) REFERENCES `harfiles` (`idharfiles`) ON DELETE CASCADE ON UPDATE CASCADE;

--
-- Constraints for table `harfiles`
--
ALTER TABLE `harfiles`
  ADD CONSTRAINT `harfiles_ibfk_1` FOREIGN KEY (`iduserinfo`) REFERENCES `userinfo` (`iduserinfo`) ON DELETE CASCADE ON UPDATE CASCADE;

--
-- Constraints for table `hrequest`
--
ALTER TABLE `hrequest`
  ADD CONSTRAINT `hrequest_ibfk_1` FOREIGN KEY (`identries`) REFERENCES `entries` (`identries`) ON DELETE CASCADE ON UPDATE CASCADE;

--
-- Constraints for table `hresponse`
--
ALTER TABLE `hresponse`
  ADD CONSTRAINT `hresponse_ibfk_1` FOREIGN KEY (`identries`) REFERENCES `entries` (`identries`) ON DELETE CASCADE ON UPDATE CASCADE;
COMMIT;

/*!40101 SET CHARACTER_SET_CLIENT=@OLD_CHARACTER_SET_CLIENT */;
/*!40101 SET CHARACTER_SET_RESULTS=@OLD_CHARACTER_SET_RESULTS */;
/*!40101 SET COLLATION_CONNECTION=@OLD_COLLATION_CONNECTION */;
